Approach,Prediction Horizon,Patient,RMSE
gpt4o,6,008,19.20639382448309
gpt4o,9,008,29.471310624232306
gpt4o,12,008,37.93836031707092
llama,6,008,19.505150043455192
llama,9,008,29.86048542872398
llama,12,008,38.706980261375286
nollm,6,008,19.39799246187457
nollm,9,008,29.779109663634575
nollm,12,008,38.776830337883126
sonnet,6,008,19.271719928367972
sonnet,9,008,29.33420671201286
sonnet,12,008,38.3256795848568
