{
  "carbohydrates": [
    0.0,
    0.0,
    1.5715945463503436,
    0.019877696963026936,
    0.0026289977880711614,
    0.26266199598732703,
    4.721216144610108,
    0.0
  ],
  "insulin": [
    0.0,
    0.0,
    3.9643014869021225,
    0.5635670791084244,
    0.18447074782590756,
    0.44501581986716665,
    0.011390455273475087,
    0.0
  ],
  "correction": [
    0.0,
    0.0,
    7.187083591521367,
    0.502194551837344,
    6.302843742652798,
    0.02967023561101964,
    2.85949898759161,
    0.0
  ]
}