{
  "carbohydrates": [
    0.0,
    0.0,
    7.550250840934089,
    0.8201678067300685,
    7.998472257509071,
    0.7527315335503197,
    6.413339992695575,
    0.0
  ],
  "insulin": [
    0.0,
    0.0,
    3.8336250423473888,
    0.2640931197749805,
    0.8797913169565814,
    0.12941887555023254,
    0.4491664736404226,
    0.0
  ],
  "correction": [
    0.0,
    0.0,
    7.326581888807107,
    0.25865560067053206,
    3.4387267916330955,
    0.6553629266111272,
    3.335398918740867,
    0.0
  ]
}