{
  "carbohydrates": [
    0.0,
    0.0,
    1.4262497263854028,
    0.5582654025475763,
    7.627708663742825,
    0.6921471561877223,
    1.56193913466795,
    0.0
  ],
  "insulin": [
    0.0,
    0.0,
    3.5112906405340754,
    0.5869510373846661,
    0.8274282745714353,
    0.08810946260251985,
    3.7609694346530747,
    0.0
  ],
  "correction": [
    0.0,
    0.0,
    3.55541874955232,
    0.4182423906027996,
    5.5786770534600265,
    0.3882055263787377,
    6.936067600949206,
    0.0
  ]
}