{
  "carbohydrates": [
    0.0,
    0.0,
    4.4290328270042,
    0.9630858096576079,
    0.9255779915284742,
    0.43324290782387315,
    3.598879028757061,
    0.0
  ],
  "insulin": [
    0.0,
    0.0,
    1.5985272665752395,
    0.580865682411726,
    3.301567782038063,
    0.43314371211368385,
    0.6978166014629618,
    0.0
  ],
  "correction": [
    0.0,
    0.0,
    5.074344140362099,
    0.7948549228584268,
    7.587561394622333,
    0.855250677609479,
    2.192590651925703,
    0.0
  ]
}