{
  "carbohydrates": [
    0.0,
    0.0,
    3.547136220498796,
    0.8101815828556453,
    0.334376974061937,
    0.4405523312828168,
    3.9943058739886,
    0.0
  ],
  "insulin": [
    0.0,
    0.0,
    3.81284573200473,
    0.3652987893346909,
    3.6589804744732564,
    0.7503111725361808,
    2.4576309831902643,
    0.0
  ],
  "correction": [
    0.0,
    0.0,
    5.446009345346929,
    0.015806816290021185,
    7.508900511068735,
    0.9686601071115989,
    1.9081015539645454,
    0.0
  ]
}