{
  "carbohydrates": [
    0.0,
    0.0,
    1.1928368499961641,
    0.7966439118204776,
    2.15137596989229,
    0.9501520402041032,
    1.5256993043006668,
    0.0
  ],
  "insulin": [
    0.0,
    0.0,
    3.8511069970036567,
    0.12837310383496156,
    2.2531953016997983,
    0.8226370628531172,
    2.1396520496246496,
    0.0
  ],
  "correction": [
    0.0,
    0.0,
    7.694334863856004,
    0.12450289654509712,
    6.4903866075033445,
    0.1192971289652475,
    7.9976775451891,
    0.0
  ]
}