{
  "carbohydrates": [
    0.0,
    0.0,
    7.9957721251424525,
    0.1221525911791884,
    7.621970864991088,
    0.7958084892790932,
    6.392518857174207,
    0.0
  ],
  "insulin": [
    0.0,
    0.0,
    2.9775432010459353,
    0.6195644406775396,
    3.195584466029868,
    0.7061530706195178,
    1.069829200272142,
    0.0
  ],
  "correction": [
    0.0,
    0.0,
    5.293485391503478,
    0.7321917792156108,
    5.8342112783068565,
    0.05408572446755897,
    0.13133278980472426,
    0.0
  ]
}