{
  "carbohydrates": [
    0.0,
    0.0,
    1.310848889330618,
    0.7357748062208478,
    7.54971280049947,
    0.06682308686793371,
    2.4683318999623873,
    0.0
  ],
  "insulin": [
    0.0,
    0.0,
    3.9975440022771536,
    0.20238768530056495,
    3.7934739108678404,
    0.09464207109118906,
    2.536182927733509,
    0.0
  ],
  "correction": [
    0.0,
    0.0,
    7.10168141385554,
    0.05482631109797134,
    7.765864006842458,
    0.42618918992595645,
    2.285391041693129,
    0.0
  ]
}