{
  "carbohydrates": [
    0.0,
    0.0,
    3.842112617313441,
    0.2567420915070739,
    1.6797206225178671,
    0.05501880313067563,
    7.404782724242583,
    0.0
  ],
  "insulin": [
    0.0,
    0.0,
    2.2810500513526115,
    0.3458790486032911,
    2.1658006892375377,
    0.04189294838781807,
    0.8997883844057079,
    0.0
  ],
  "correction": [
    0.0,
    0.0,
    7.022209271377706,
    0.1454935150478251,
    2.98756375909988,
    0.21866707948916464,
    2.825041999328236,
    0.0
  ]
}