{
  "carbohydrates": [
    0.0,
    0.0,
    6.830833133750966,
    0.8910033496279807,
    2.384029677778589,
    0.24185158580022728,
    3.6193220819214513,
    0.0
  ],
  "insulin": [
    0.0,
    0.0,
    0.7382063295118847,
    0.052869311347020484,
    1.5128010780710686,
    0.9315752088845289,
    1.9104734818673044,
    0.0
  ],
  "correction": [
    0.0,
    0.0,
    6.063512485196605,
    0.7944318555379473,
    6.840709047054812,
    0.58146531789475,
    2.4048357104013403,
    0.0
  ]
}