{
  "carbohydrates": [
    0.0,
    0.0,
    4.720079702735639,
    0.27148914397208807,
    1.6278178763878661,
    0.7511576810032141,
    3.4036971982633144,
    0.0
  ],
  "insulin": [
    0.0,
    0.0,
    3.1649563202699516,
    0.6749950717346058,
    3.3187685923849197,
    0.6551176134819595,
    2.4050964553171466,
    0.0
  ],
  "correction": [
    0.0,
    0.0,
    5.2178260893050625,
    0.8463569324257497,
    7.540542721521221,
    0.4247980260444694,
    4.81417730512119,
    0.0
  ]
}