{
  "carbohydrates": [
    0.0,
    0.0,
    0.04466150998500534,
    0.6514324467316651,
    4.32370866213691,
    0.32813664463554654,
    6.809397166383742,
    0.0
  ],
  "insulin": [
    0.0,
    0.0,
    3.7605351049889557,
    0.07036286235651232,
    2.9185904443797486,
    0.0526873377479959,
    0.837159480551378,
    0.0
  ],
  "correction": [
    0.0,
    0.0,
    4.759474229741852,
    0.4123218005250467,
    4.161206980284807,
    0.18323145082768816,
    5.547993332946604,
    0.0
  ]
}