{
  "carbohydrates": [
    0.0,
    0.0,
    5.273389531954576,
    0.9167595636546847,
    5.446863450673044,
    0.9482691421285316,
    6.722890354584683,
    0.0
  ],
  "insulin": [
    0.0,
    0.0,
    3.837966405458938,
    0.629064643189632,
    3.7740418807432023,
    0.19546048697450707,
    2.346212972387961,
    0.0
  ],
  "correction": [
    0.0,
    0.0,
    6.646463011703448,
    0.817715585087533,
    5.730684549496826,
    0.594663774005151,
    3.9423533454794937,
    0.0
  ]
}