{
  "patient_1": {
    "carbohydrates": [
      0.0,
      0.0,
      5.137104033225477,
      0.7268111837802558,
      0.5567729079061176,
      0.025213515281263765,
      0.6481720827761146,
      0.0
    ],
    "insulin": [
      0.0,
      0.0,
      2.038642232844056,
      0.47695652104830294,
      3.1121168850676595,
      0.7513416173081335,
      3.3213763882061196,
      0.0
    ],
    "correction": [
      0.0,
      0.0,
      4.4855073479920575,
      0.8723830214587923,
      3.843561163592784,
      0.05093800582875575,
      6.518425902605785,
      0.0
    ]
  },
  "patient_2": {
    "carbohydrates": [
      0.0,
      0.0,
      0.624066846441761,
      0.773598667232231,
      0.17503769888613507,
      0.01089322485453293,
      0.31915526802038563,
      0.0
    ],
    "insulin": [
      0.0,
      0.0,
      3.12835518053305,
      0.3912396116016649,
      3.550224985922606,
      0.2952690702500766,
      2.9167673088892228,
      0.0
    ],
    "correction": [
      0.0,
      0.0,
      3.541556968698352,
      0.877912407639543,
      4.867141750955068,
      0.44467824757981383,
      1.905497895491835,
      0.0
    ]
  },
  "patient_3": {
    "carbohydrates": [
      0.0,
      0.0,
      3.883733795300494,
      0.28742455418269924,
      2.6556009706181696,
      0.8304733065350747,
      1.4109985254446964,
      0.0
    ],
    "insulin": [
      0.0,
      0.0,
      0.8205649889210274,
      0.4315626716569138,
      3.1353517677665295,
      0.9125158045221131,
      2.569105409353748,
      0.0
    ],
    "correction": [
      0.0,
      0.0,
      1.7727363900831186,
      0.9365938481299428,
      6.6972207524816385,
      0.794491209226041,
      6.130195596211454,
      0.0
    ]
  },
  "patient_4": {
    "carbohydrates": [
      0.0,
      0.0,
      2.594378378965638,
      0.25724210232808736,
      1.5057571468980402,
      0.4763973472012582,
      1.5348802955324914,
      0.0
    ],
    "insulin": [
      0.0,
      0.0,
      3.6340496535800284,
      0.9588592870053392,
      3.157444862729885,
      0.8495130520238189,
      1.1124865448170644,
      0.0
    ],
    "correction": [
      0.0,
      0.0,
      5.639556173915332,
      0.5466522321719304,
      4.5397021293740485,
      0.7212805841883404,
      0.8171918867947653,
      0.0
    ]
  },
  "patient_5": {
    "carbohydrates": [
      0.0,
      0.0,
      0.02788863768386604,
      0.7028143657752327,
      7.103863754685078,
      0.8758763602747462,
      1.4763571736447174,
      0.0
    ],
    "insulin": [
      0.0,
      0.0,
      2.4727124104797995,
      0.5005655262182889,
      3.9257503441057837,
      0.2093283302199644,
      1.5257763328574026,
      0.0
    ],
    "correction": [
      0.0,
      0.0,
      7.823643817796151,
      0.23010439787924017,
      4.980524833641632,
      0.8552118202698208,
      2.2105051055598213,
      0.0
    ]
  },
  "patient_6": {
    "carbohydrates": [
      0.0,
      0.0,
      7.819208389060054,
      0.6748625239533248,
      1.5803401924369707,
      0.26569985730157597,
      6.970229228285553,
      0.0
    ],
    "insulin": [
      0.0,
      0.0,
      3.7223694017889226,
      0.06589268401978964,
      0.9236470432398852,
      0.6074601222213378,
      2.1858288111516795,
      0.0
    ],
    "correction": [
      0.0,
      0.0,
      7.7236029511786874,
      0.4524014605154739,
      5.97286793856245,
      0.2911929541039937,
      3.50325496349322,
      0.0
    ]
  },
  "patient_7": {
    "carbohydrates": [
      0.0,
      0.0,
      0.3212379591049531,
      0.4860015843099822,
      0.17524218157596655,
      0.9361392138659799,
      1.13448295065627,
      0.0
    ],
    "insulin": [
      0.0,
      0.0,
      2.0061019553389468,
      0.0648874838814081,
      2.3376272141519263,
      0.007441228425449682,
      0.7732227500522559,
      0.0
    ],
    "correction": [
      0.0,
      0.0,
      7.635589243512734,
      0.6941392106548605,
      7.476976252635389,
      0.6167273323436911,
      6.547102151980306,
      0.0
    ]
  },
  "patient_8": {
    "carbohydrates": [
      0.0,
      0.0,
      0.9727066083679691,
      0.24994019111151972,
      1.2104920288875651,
      0.3183540694675647,
      1.1668125850037154,
      0.0
    ],
    "insulin": [
      0.0,
      0.0,
      2.6406771266205116,
      0.12419003119913075,
      3.7178876748629817,
      0.6791356591027169,
      1.7099788630987436,
      0.0
    ],
    "correction": [
      0.0,
      0.0,
      4.9797937288042755,
      0.9467279024315501,
      1.3935995528301137,
      0.0789148828051649,
      7.94502482432183,
      0.0
    ]
  },
  "patient_9": {
    "carbohydrates": [
      0.0,
      0.0,
      1.8035762504938335,
      0.8768889478659644,
      1.0303742451207938,
      0.22140099277581057,
      3.6041449650966415,
      0.0
    ],
    "insulin": [
      0.0,
      0.0,
      1.6150131946168842,
      0.1341817854933256,
      2.8737915888559766,
      0.8433615308929243,
      3.9514724379063613,
      0.0
    ],
    "correction": [
      0.0,
      0.0,
      7.9976831888651425,
      0.6362601021503143,
      6.944881914647845,
      0.03629487925723232,
      0.24014641391724395,
      0.0
    ]
  },
  "patient_10": {
    "carbohydrates": [
      0.0,
      0.0,
      2.5686499438353003,
      0.36645808496909565,
      0.5912103400907667,
      0.8754113742031745,
      2.2675412847643655,
      0.0
    ],
    "insulin": [
      0.0,
      0.0,
      3.9803784127056727,
      0.8147584708155268,
      2.0999991145239645,
      0.031782331981437734,
      1.8969142564516237,
      0.0
    ],
    "correction": [
      0.0,
      0.0,
      6.649970993934663,
      0.9300387303063633,
      3.859896304970791,
      0.5185796424893497,
      0.2828002727733451,
      0.0
    ]
  },
  "patient_11": {
    "carbohydrates": [
      0.0,
      0.0,
      3.7493422271152173,
      0.7606981281906939,
      0.2394626332521944,
      0.13702612748755186,
      2.900645474495323,
      0.0
    ],
    "insulin": [
      0.0,
      0.0,
      2.280529462074796,
      0.8341082261604436,
      1.8737853641571611,
      0.9677197601398526,
      1.181647032358365,
      0.0
    ],
    "correction": [
      0.0,
      0.0,
      7.726198281475734,
      0.6656476441123126,
      4.642811865934481,
      0.08673529308882544,
      2.97759502263761,
      0.0
    ]
  },
  "patient_12": {
    "carbohydrates": [
      0.0,
      0.0,
      1.5504477348313648,
      0.8476065635685224,
      3.1925976359253454,
      0.8705080715588127,
      1.8132626734712163,
      0.0
    ],
    "insulin": [
      0.0,
      0.0,
      3.9244397238703437,
      0.3628174860180754,
      3.592866384011449,
      0.34595871350234464,
      3.882691076670941,
      0.0
    ],
    "correction": [
      0.0,
      0.0,
      7.400994944786393,
      0.0029572318343264355,
      7.682323438033098,
      0.7213919165184219,
      1.2031635350530003,
      0.0
    ]
  },
  "patient_13": {
    "carbohydrates": [
      0.0,
      0.0,
      7.460247847946567,
      0.24084935227559648,
      6.780174394119366,
      0.10264802716357098,
      6.776206776576357,
      0.0
    ],
    "insulin": [
      0.0,
      0.0,
      0.37231513460487886,
      0.3281203383651902,
      1.020412588339465,
      0.9949860593567253,
      3.742799175881732,
      0.0
    ],
    "correction": [
      0.0,
      0.0,
      2.727724539834084,
      0.7555764644298049,
      7.972220532428237,
      0.48215040086065,
      2.4776642152632036,
      0.0
    ]
  },
  "patient_15": {
    "carbohydrates": [
      0.0,
      0.0,
      3.574384772305705,
      0.9836697611453072,
      5.571056788442014,
      0.7133519253798981,
      3.745547608083017,
      0.0
    ],