{
  "patient_1": {
    "carbohydrates": [
      0.0,
      0.0,
      6.069860159662896,
      0.14685299541265506,
      0.13872931512296166,
      0.3060382434926969,
      0.9860673322033173,
      0.0
    ],
    "insulin": [
      0.0,
      0.0,
      1.5754981564844142,
      0.27569553936160024,
      2.0662510375670267,
      0.7053601590459261,
      0.05404422607982638,
      0.0
    ],
    "correction": [
      0.0,
      0.0,
      4.713131244562847,
      0.8968204860104936,
      7.563072035009393,
      0.19359680488000197,
      4.594531142787981,
      0.0
    ]
  },
  "patient_2": {
    "carbohydrates": [
      0.0,
      0.0,
      0.16268251868229194,
      0.517192058736054,
      2.6620079059432893,
      0.032507701474913366,
      0.5601298887295336,
      0.0
    ],
    "insulin": [
      0.0,
      0.0,
      1.898094976039649,
      0.42585860540436815,
      1.6172741827798727,
      0.7229435459693936,
      1.7249515039734,
      0.0
    ],
    "correction": [
      0.0,
      0.0,
      5.235916972701099,
      0.7277398525098462,
      2.5062847611325245,
      0.025905900008756623,
      1.7570479497328246,
      0.0
    ]
  },
  "patient_3": {
    "carbohydrates": [
      0.0,
      0.0,
      6.830833133750966,
      0.8910033496279807,
      2.384029677778589,
      0.24185158580022728,
      3.6193220819214513,
      0.0
    ],
    "insulin": [
      0.0,
      0.0,
      0.7382063295118847,
      0.052869311347020484,
      1.5128010780710686,
      0.9315752088845289,
      1.9104734818673044,
      0.0
    ],
    "correction": [
      0.0,
      0.0,
      6.063512485196605,
      0.7944318555379473,
      6.840709047054812,
      0.58146531789475,
      2.4048357104013403,
      0.0
    ]
  },
  "patient_4": {
    "carbohydrates": [
      0.0,
      0.0,
      1.7182235889459818,
      0.6857876382307004,
      4.663123407743389,
      0.31716740530674736,
      3.1250801867442934,
      0.0
    ],
    "insulin": [
      0.0,
      0.0,
      2.1972444268184095,
      0.7039558771019832,
      0.9539549221201504,
      0.07264917304380827,
      2.028209029297505,
      0.0
    ],
    "correction": [
      0.0,
      0.0,
      3.5159155568784812,
      0.4186568126371753,
      2.099346800617865,
      0.030824865078126606,
      5.131062985757389,
      0.0
    ]
  },
  "patient_5": {
    "carbohydrates": [
      0.0,
      0.0,
      1.5715945463503436,
      0.019877696963026936,
      0.0026289977880711614,
      0.26266199598732703,
      4.721216144610108,
      0.0
    ],
    "insulin": [
      0.0,
      0.0,
      3.9643014869021225,
      0.5635670791084244,
      0.18447074782590756,
      0.44501581986716665,
      0.011390455273475087,
      0.0
    ],
    "correction": [
      0.0,
      0.0,
      7.187083591521367,
      0.502194551837344,
      6.302843742652798,
      0.02967023561101964,
      2.85949898759161,
      0.0
    ]
  },
  "patient_6": {
    "carbohydrates": [
      0.0,
      0.0,
      7.781366114275702,
      0.2170301904358275,
      2.7315188240026758,
      0.9350894728570187,
      7.003641196922829,
      0.0
    ],
    "insulin": [
      0.0,
      0.0,
      3.4934626977589898,
      0.976507995735755,
      0.0068523149615229715,
      0.5112568303635977,
      2.8426258647852016,
      0.0
    ],
    "correction": [
      0.0,
      0.0,
      7.33389697473646,
      0.3976353775543288,
      4.914746771452734,
      0.4046765573230734,
      4.141452456473335,
      0.0
    ]
  },
  "patient_7": {
    "carbohydrates": [
      0.0,
      0.0,
      4.78441638582945,
      0.7988309415680555,
      0.30944984622946736,
      0.7038131914709205,
      0.34543039546951304,
      0.0
    ],
    "insulin": [
      0.0,
      0.0,
      1.7692661434288188,
      0.9119211850745762,
      2.9115007948513334,
      0.89723419220087,
      2.146915900168745,
      0.0
    ],
    "correction": [
      0.0,
      0.0,
      2.732605795627672,
      0.1714383052978393,
      1.1494665276727183,
      0.004488429181266282,
      3.9641984586771484,
      0.0
    ]
  },
  "patient_8": {
    "carbohydrates": [
      0.0,
      0.0,
      0.5852509500886445,
      0.379111044498695,
      1.6087935008606684,
      0.3039018356131904,
      1.994479827633585,
      0.0
    ],
    "insulin": [
      0.0,
      0.0,
      3.8981765079323294,
      0.4617476337174839,
      3.048701990356963,
      0.46833530267267426,
      0.8902660554972137,
      0.0
    ],
    "correction": [
      0.0,
      0.0,
      6.264051731796826,
      0.24960282537374098,
      3.4146997179836145,
      0.4923546722387542,
      2.8623271399351604,
      0.0
    ]
  },
  "patient_9": {
    "carbohydrates": [
      0.0,
      0.0,
      1.2396993073861793,
      0.2537847537305928,
      4.292383664146653,
      0.5437095299593029,
      2.104765896100716,
      0.0
    ],
    "insulin": [
      0.0,
      0.0,
      3.712742598330787,
      0.4904395949256568,
      3.9060090441519058,
      0.9416174420096891,
      2.5921633185989,
      0.0
    ],
    "correction": [
      0.0,
      0.0,
      4.7528734554793886,
      0.9062104657145693,
      3.2783656470565568,
      0.04562190123999578,
      7.312669286952316,
      0.0
    ]
  },
  "patient_10": {
    "carbohydrates": [
      0.0,
      0.0,
      3.547136220498796,
      0.8101815828556453,
      0.334376974061937,
      0.4405523312828168,
      3.9943058739886,
      0.0
    ],
    "insulin": [
      0.0,
      0.0,
      3.81284573200473,
      0.3652987893346909,
      3.6589804744732564,
      0.7503111725361808,
      2.4576309831902643,
      0.0
    ],
    "correction": [
      0.0,
      0.0,
      5.446009345346929,
      0.015806816290021185,
      7.508900511068735,
      0.9686601071115989,
      1.9081015539645454,
      0.0
    ]
  },
  "patient_11": {
    "carbohydrates": [
      0.0,
      0.0,
      0.030166454717310942,
      0.2922383995781283,
      4.702377996710523,
      0.020800859016520803,
      3.239823499024045,
      0.0
    ],
    "insulin": [
      0.0,
      0.0,
      0.07943749048493359,
      0.5629498649607668,
      1.057312627163736,
      0.6860152826171992,
      3.8271123160666445,
      0.0
    ],
    "correction": [
      0.0,
      0.0,
      7.041694144183929,
      0.06180271065662325,
      7.620438121667838,
      0.27452833686936273,
      3.5763372206338833,
      0.0
    ]
  },
  "patient_12": {
    "carbohydrates": [
      0.0,
      0.0,
      4.720079702735639,
      0.27148914397208807,
      1.6278178763878661,
      0.7511576810032141,
      3.4036971982633144,
      0.0
    ],
    "insulin": [
      0.0,
      0.0,
      3.1649563202699516,
      0.6749950717346058,
      3.3187685923849197,
      0.6551176134819595,
      2.4050964553171466,
      0.0
    ],
    "correction": [
      0.0,
      0.0,
      5.2178260893050625,
      0.8463569324257497,
      7.540542721521221,
      0.4247980260444694,
      4.81417730512119,
      0.0
    ]
  },
  "patient_13": {
    "carbohydrates": [
      0.0,
      0.0,
      7.550250840934089,
      0.8201678067300685,
      7.998472257509071,
      0.7527315335503197,
      6.413339992695575,
      0.0
    ],
    "insulin": [
      0.0,
      0.0,
      3.8336250423473888,
      0.2640931197749805,
      0.8797913169565814,
      0.12941887555023254,
      0.4491664736404226,
      0.0
    ],
    "correction": [
      0.0,
      0.0,
      7.326581888807107,
      0.25865560067053206,
      3.4387267916330955,
      0.6553629266111272,
      3.335398918740867,
      0.0
    ]
  },
  "patient_15": {
    "carbohydrates": [
      0.0,
      0.0,
      1.310848889330618,
      0.7357748062208478,
      7.54971280049947,
      0.06682308686793371,
      2.4683318999623873,
      0.0
    ],