{
  "carbohydrates": [
    0.0,
    0.0,
    0.5852509500886445,
    0.379111044498695,
    1.6087935008606684,
    0.3039018356131904,
    1.994479827633585,
    0.0
  ],
  "insulin": [
    0.0,
    0.0,
    3.8981765079323294,
    0.4617476337174839,
    3.048701990356963,
    0.46833530267267426,
    0.8902660554972137,
    0.0
  ],
  "correction": [
    0.0,
    0.0,
    6.264051731796826,
    0.24960282537374098,
    3.4146997179836145,
    0.4923546722387542,
    2.8623271399351604,
    0.0
  ]
}