{
  "carbohydrates": [
    0.0,
    0.0,
    0.030166454717310942,
    0.2922383995781283,
    4.702377996710523,
    0.020800859016520803,
    3.239823499024045,
    0.0
  ],
  "insulin": [
    0.0,
    0.0,
    0.07943749048493359,
    0.5629498649607668,
    1.057312627163736,
    0.6860152826171992,
    3.8271123160666445,
    0.0
  ],
  "correction": [
    0.0,
    0.0,
    7.041694144183929,
    0.06180271065662325,
    7.620438121667838,
    0.27452833686936273,
    3.5763372206338833,
    0.0
  ]
}