{
  "carbohydrates": [
    0.0,
    0.0,
    6.173706783561025,
    0.5361152512114418,
    0.03795906033263652,
    0.2926539431053957,
    5.222049058517782,
    0.0
  ],
  "insulin": [
    0.0,
    0.0,
    2.510251500068359,
    0.15575576585160594,
    2.7966571172710077,
    0.8182508732854498,
    3.9240049181713705,
    0.0
  ],
  "correction": [
    0.0,
    0.0,
    7.74102333991848,
    0.9797480339033495,
    7.998878764447325,
    0.8391618542715651,
    6.200179663020719,
    0.0
  ]
}