{
  "carbohydrates": [
    0.0,
    0.0,
    0.16268251868229194,
    0.517192058736054,
    2.6620079059432893,
    0.032507701474913366,
    0.5601298887295336,
    0.0
  ],
  "insulin": [
    0.0,
    0.0,
    1.898094976039649,
    0.42585860540436815,
    1.6172741827798727,
    0.7229435459693936,
    1.7249515039734,
    0.0
  ],
  "correction": [
    0.0,
    0.0,
    5.235916972701099,
    0.7277398525098462,
    2.5062847611325245,
    0.025905900008756623,
    1.7570479497328246,
    0.0
  ]
}