{
  "carbohydrates": [
    0.0,
    0.0,
    4.78441638582945,
    0.7988309415680555,
    0.30944984622946736,
    0.7038131914709205,
    0.34543039546951304,
    0.0
  ],
  "insulin": [
    0.0,
    0.0,
    1.7692661434288188,
    0.9119211850745762,
    2.9115007948513334,
    0.89723419220087,
    2.146915900168745,
    0.0
  ],
  "correction": [
    0.0,
    0.0,
    2.732605795627672,
    0.1714383052978393,
    1.1494665276727183,
    0.004488429181266282,
    3.9641984586771484,
    0.0
  ]
}