{
  "carbohydrates": [
    0.0,
    0.0,
    6.069860159662896,
    0.14685299541265506,
    0.13872931512296166,
    0.3060382434926969,
    0.9860673322033173,
    0.0
  ],
  "insulin": [
    0.0,
    0.0,
    1.5754981564844142,
    0.27569553936160024,
    2.0662510375670267,
    0.7053601590459261,
    0.05404422607982638,
    0.0
  ],
  "correction": [
    0.0,
    0.0,
    4.713131244562847,
    0.8968204860104936,
    7.563072035009393,
    0.19359680488000197,
    4.594531142787981,
    0.0
  ]
}