{
  "carbohydrates": [
    0.0,
    0.0,
    7.781366114275702,
    0.2170301904358275,
    2.7315188240026758,
    0.9350894728570187,
    7.003641196922829,
    0.0
  ],
  "insulin": [
    0.0,
    0.0,
    3.4934626977589898,
    0.976507995735755,
    0.0068523149615229715,
    0.5112568303635977,
    2.8426258647852016,
    0.0
  ],
  "correction": [
    0.0,
    0.0,
    7.33389697473646,
    0.3976353775543288,
    4.914746771452734,
    0.4046765573230734,
    4.141452456473335,
    0.0
  ]
}