{
  "carbohydrates": [
    0.0,
    0.0,
    1.7182235889459818,
    0.6857876382307004,
    4.663123407743389,
    0.31716740530674736,
    3.1250801867442934,
    0.0
  ],
  "insulin": [
    0.0,
    0.0,
    2.1972444268184095,
    0.7039558771019832,
    0.9539549221201504,
    0.07264917304380827,
    2.028209029297505,
    0.0
  ],
  "correction": [
    0.0,
    0.0,
    3.5159155568784812,
    0.4186568126371753,
    2.099346800617865,
    0.030824865078126606,
    5.131062985757389,
    0.0
  ]
}