{
  "carbohydrates": [
    0.0,
    0.0,
    7.4142761792704475,
    0.7217002587823927,
    0.12676553008117394,
    0.8005347023156764,
    3.8856209006364866,
    0.0
  ],
  "insulin": [
    0.0,
    0.0,
    3.3964784245755157,
    0.6425512418932878,
    2.5954828983433336,
    0.023481062172433353,
    1.6036481130675986,
    0.0
  ],
  "correction": [
    0.0,
    0.0,
    7.659191904843044,
    0.14225819090382127,
    5.5770994368126665,
    0.020052799669454398,
    4.662736213106048,
    0.0
  ]
}