{
  "carbohydrates": [
    0.0,
    0.0,
    5.318488185301733,
    0.8215369078048711,
    1.6882323804821278,
    0.7094126828423591,
    6.941103442009459,
    0.0
  ],
  "insulin": [
    0.0,
    0.0,
    3.997513580037675,
    0.8865556581348125,
    3.8898814324858626,
    0.7885334938278369,
    3.082329527405857,
    0.0
  ],
  "correction": [
    0.0,
    0.0,
    7.507436380829081,
    0.5595405336862247,
    3.8876081007248056,
    0.48631002780194144,
    3.6959434299671017,
    0.0
  ]
}