{
  "carbohydrates": [
    0.0,
    0.0,
    1.2396993073861793,
    0.2537847537305928,
    4.292383664146653,
    0.5437095299593029,
    2.104765896100716,
    0.0
  ],
  "insulin": [
    0.0,
    0.0,
    3.712742598330787,
    0.4904395949256568,
    3.9060090441519058,
    0.9416174420096891,
    2.5921633185989,
    0.0
  ],
  "correction": [
    0.0,
    0.0,
    4.7528734554793886,
    0.9062104657145693,
    3.2783656470565568,
    0.04562190123999578,
    7.312669286952316,
    0.0
  ]
}