{
  "carbohydrates": [
    0.0,
    0.0,
    0.7364936366611383,
    0.8670784670750837,
    2.7412079991445943,
    0.5430889573634138,
    0.6457138385553771,
    0.0
  ],
  "insulin": [
    0.0,
    0.0,
    2.2382243135960302,
    0.5344711969635451,
    2.9920926526219267,
    0.6876512427772602,
    3.7109001922830913,
    0.0
  ],
  "correction": [
    0.0,
    0.0,
    6.011295809270463,
    0.06924366494997622,
    6.5483730521132255,
    0.2399013396484071,
    5.070890148991259,
    0.0
  ]
}