{
  "simple_sugars": [
    0.0,
    0.0,
    1.9726498088134194,
    0.12153487231266534,
    1.4126494525987576,
    0.688296828602553,
    2.2025205042038234,
    0.0
  ],
  "complex_sugars": [
    0.0,
    0.0,
    3.917372465454611,
    0.046776064733603614,
    2.92966408867397,
    0.4933491038098178,
    4.424298992967062,
    0.0
  ],
  "proteins": [
    0.0,
    0.0,
    6.3213231118910045,
    0.8559810630546806,
    2.2379547090780454,
    0.27014588838838505,
    2.980333206774178,
    0.0
  ],
  "fats": [
    0.0,
    0.0,
    6.8350509143109734,
    0.9645540078474331,
    0.5252890977463971,
    0.6611579933110305,
    3.4944221613071353,
    0.0
  ],
  "dietary_fibers": [
    0.0,
    0.0,
    5.5371521321309585,
    0.9384008311640589,
    5.211154064460619,
    0.9625022491374429,
    7.665579313785978,
    0.0
  ],
  "insulin": [
    0.0,
    0.0,
    2.4725389692890083,
    0.9109633277178528,
    1.426114886435816,
    0.3784793354076766,
    3.3859069260826526,
    0.0
  ]
}