{
  "simple_sugars": [
    0.0,
    0.0,
    3.2676837621022727,
    0.8927580640295606,
    1.5994957972420079,
    0.2592029593404426,
    3.0240964955926115,
    0.0
  ],
  "complex_sugars": [
    0.0,
    0.0,
    6.981176083010544,
    0.9232062781755865,
    1.2223351813233099,
    0.24119244915206267,
    2.2432523568158618,
    0.0
  ],
  "proteins": [
    0.0,
    0.0,
    1.683244970389507,
    0.21969967749470815,
    6.163596050459226,
    0.8685452346928748,
    3.7764797602860556,
    0.0
  ],
  "fats": [
    0.0,
    0.0,
    2.61167033956753,
    0.6325110008753394,
    1.7512006395282282,
    0.6547687877830766,
    7.205180020870504,
    0.0
  ],
  "dietary_fibers": [
    0.0,
    0.0,
    6.741991376880991,
    0.31796148674277586,
    1.9273161882750558,
    0.6098213912285231,
    6.356284400954888,
    0.0
  ],
  "insulin": [
    0.0,
    0.0,
    1.564840264405104,
    0.6205894927286794,
    2.6389991601648393,
    0.1898770477455812,
    3.498089864775267,
    0.0
  ]
}