{
  "patient_001": {
    "simple_sugars": [
      0.0,
      0.0,
      0.2168156117831659,
      0.4980566420128115,
      3.958956697344387,
      0.8288546191236764,
      0.062283611581359324,
      0.0
    ],
    "complex_sugars": [
      0.0,
      0.0,
      3.375187648041538,
      0.44815868337970155,
      6.256785072934941,
      0.20304708580872466,
      2.6016049250903457,
      0.0
    ],
    "proteins": [
      0.0,
      0.0,
      4.0564815301399015,
      0.08203023481459641,
      7.995856306699616,
      0.692433355645765,
      3.6029345939898527,
      0.0
    ],
    "fats": [
      0.0,
      0.0,
      0.8943576303244561,
      0.21373123254410106,
      2.5065918460643464,
      0.3142631966734565,
      7.137522456330733,
      0.0
    ],
    "dietary_fibers": [
      0.0,
      0.0,
      1.5641988719271658,
      0.2460676231270545,
      2.142881028819685,
      0.9354656269645052,
      7.613296878984646,
      0.0
    ],
    "insulin": [
      0.0,
      0.0,
      0.53676403797374,
      0.04157493253054409,
      3.8943516967225364,
      0.4832889633283445,
      2.5829326886030612,
      0.0
    ]
  },
  "patient_002": {
    "simple_sugars": [
      0.0,
      0.0,
      0.006774216607490675,
      0.765146616140001,
      3.7131241040346286,
      0.7816169372767483,
      2.1947839682003334,
      0.0
    ],
    "complex_sugars": [
      0.0,
      0.0,
      3.5119365661154878,
      0.2371067098595025,
      4.984928659237413,
      0.49640883747915754,
      6.222665220913271,
      0.0
    ],
    "proteins": [
      0.0,
      0.0,
      0.3783771415623143,
      0.3019132025187548,
      1.7395778015210872,
      0.2201654761036328,
      5.325443410153752,
      0.0
    ],
    "fats": [
      0.0,
      0.0,
      2.726360202955592,
      0.7002509358441988,
      7.566923981305914,
      0.11673548127501389,
      3.779018748673883,
      0.0
    ],
    "dietary_fibers": [
      0.0,
      0.0,
      2.1393671474629685,
      0.2086437298616419,
      3.922288252953444,
      0.15098996696541495,
      4.609043533174112,
      0.0
    ],
    "insulin": [
      0.0,
      0.0,
      1.246663891467859,
      0.7423332383179432,
      3.6089506517397685,
      0.7341699326930337,
      0.41528227233666837,
      0.0
    ]
  },
  "patient_004": {
    "simple_sugars": [
      0.0,
      0.0,
      0.5821762294291996,
      0.7788483846215896,
      0.16990585716073803,
      0.23850649779874217,
      1.909010320453109,
      0.0
    ],
    "complex_sugars": [
      0.0,
      0.0,
      1.7797431895740043,
      0.33264447409441544,
      6.982148302386599,
      0.8638717466575846,
      5.984869503591073,
      0.0
    ],
    "proteins": [
      0.0,
      0.0,
      1.0081192555547527,
      0.1380309155671749,
      7.118783636911433,
      0.691069696374305,
      7.360468952474426,
      0.0
    ],
    "fats": [
      0.0,
      0.0,
      5.509416296276308,
      0.8309924574487034,
      6.798069258794561,
      0.18662984715376923,
      0.8642712735963834,
      0.0
    ],
    "dietary_fibers": [
      0.0,
      0.0,
      6.273278632745399,
      0.7885598567722018,
      5.151958530990294,
      0.1830520105296591,
      7.49643134681699,
      0.0
    ],
    "insulin": [
      0.0,
      0.0,
      3.154703297719307,
      0.7271734748653987,
      3.3220026710322625,
      0.819593810244582,
      3.4951499998671984,
      0.0
    ]
  },
  "patient_006": {
    "simple_sugars": [
      0.0,
      0.0,
      0.8132405490169147,
      0.03172119868874622,
      2.824718719133379,
      0.9011972623081472,
      2.9449303111413,
      0.0
    ],
    "complex_sugars": [
      0.0,
      0.0,
      3.921023389538171,
      0.6600117871468268,
      3.7544618981251903,
      0.41383606263124567,
      4.463856859190276,
      0.0
    ],
    "proteins": [
      0.0,
      0.0,
      6.424806337320538,
      0.5176958318022675,
      2.5077310967586093,
      0.3438278289836758,
      4.893141412034376,
      0.0
    ],
    "fats": [
      0.0,
      0.0,
      2.8092519424093823,
      0.6283479046651176,
      0.3656194897406343,
      0.8931334620066168,
      3.1511647670575047,
      0.0
    ],
    "dietary_fibers": [
      0.0,
      0.0,
      7.286969535698446,
      0.878465535350638,
      0.7209808105624257,
      0.7171340014850611,
      6.044425791878095,
      0.0
    ],
    "insulin": [
      0.0,
      0.0,
      0.3568813563675959,
      0.24549414005919962,
      3.8738780206770755,
      0.5136799256552489,
      1.0713623337673812,
      0.0
    ]
  },
  "patient_007": {
    "simple_sugars": [
      0.0,
      0.0,
      0.4633214974064886,
      0.8142277143486532,
      0.057504712975215005,
      0.48826299684448693,
      2.7254038480573852,
      0.0
    ],
    "complex_sugars": [
      0.0,
      0.0,
      6.411201095539564,
      0.6438709521791773,
      4.482597970491415,
      0.9652215240440304,
      7.482691742827874,
      0.0
    ],
    "proteins": [
      0.0,
      0.0,
      6.018174418714751,
      0.889925328653605,
      0.4638940847106327,
      0.90084133478455,
      7.524807472500158,
      0.0
    ],
    "fats": [
      0.0,
      0.0,
      0.36377336571943697,
      0.7824132971369855,
      3.6298962141276965,
      0.024148078116065983,
      4.945977302724424,
      0.0
    ],
    "dietary_fibers": [
      0.0,
      0.0,
      6.362404664267347,
      0.6011569443219057,
      3.9857166465021603,
      0.4432494308444175,
      0.48928857616558474,
      0.0
    ],
    "insulin": [
      0.0,
      0.0,
      0.7617997817580208,
      0.8437781491307195,
      0.3003908951153927,
      0.3676065045287195,
      2.3148567584752873,
      0.0
    ]
  },
  "patient_008": {
    "simple_sugars": [
      0.0,
      0.0,
      1.9726498088134194,
      0.12153487231266534,
      1.4126494525987576,
      0.688296828602553,
      2.2025205042038234,
      0.0
    ],
    "complex_sugars": [
      0.0,
      0.0,
      3.917372465454611,
      0.046776064733603614,
      2.92966408867397,
      0.4933491038098178,
      4.424298992967062,
      0.0
    ],
    "proteins": [
      0.0,
      0.0,
      6.3213231118910045,
      0.8559810630546806,
      2.2379547090780454,
      0.27014588838838505,
      2.980333206774178,
      0.0
    ],
    "fats": [
      0.0,
      0.0,
      6.8350509143109734,
      0.9645540078474331,
      0.5252890977463971,
      0.6611579933110305,
      3.4944221613071353,
      0.0
    ],
    "dietary_fibers": [
      0.0,
      0.0,
      5.5371521321309585,
      0.9384008311640589,
      5.211154064460619,
      0.9625022491374429,
      7.665579313785978,
      0.0
    ],
    "insulin": [
      0.0,
      0.0,
      2.4725389692890083,
      0.9109633277178528,
      1.426114886435816,
      0.3784793354076766,
      3.3859069260826526,
      0.0
    ]
  }
}