{
  "simple_sugars": [
    0.0,
    0.0,
    0.5821762294291996,
    0.7788483846215896,
    0.16990585716073803,
    0.23850649779874217,
    1.909010320453109,
    0.0
  ],
  "complex_sugars": [
    0.0,
    0.0,
    1.7797431895740043,
    0.33264447409441544,
    6.982148302386599,
    0.8638717466575846,
    5.984869503591073,
    0.0
  ],
  "proteins": [
    0.0,
    0.0,
    1.0081192555547527,
    0.1380309155671749,
    7.118783636911433,
    0.691069696374305,
    7.360468952474426,
    0.0
  ],
  "fats": [
    0.0,
    0.0,
    5.509416296276308,
    0.8309924574487034,
    6.798069258794561,
    0.18662984715376923,
    0.8642712735963834,
    0.0
  ],
  "dietary_fibers": [
    0.0,
    0.0,
    6.273278632745399,
    0.7885598567722018,
    5.151958530990294,
    0.1830520105296591,
    7.49643134681699,
    0.0
  ],
  "insulin": [
    0.0,
    0.0,
    3.154703297719307,
    0.7271734748653987,
    3.3220026710322625,
    0.819593810244582,
    3.4951499998671984,
    0.0
  ]
}