{
  "simple_sugars": [
    0.0,
    0.0,
    0.2168156117831659,
    0.4980566420128115,
    3.958956697344387,
    0.8288546191236764,
    0.062283611581359324,
    0.0
  ],
  "complex_sugars": [
    0.0,
    0.0,
    3.375187648041538,
    0.44815868337970155,
    6.256785072934941,
    0.20304708580872466,
    2.6016049250903457,
    0.0
  ],
  "proteins": [
    0.0,
    0.0,
    4.0564815301399015,
    0.08203023481459641,
    7.995856306699616,
    0.692433355645765,
    3.6029345939898527,
    0.0
  ],
  "fats": [
    0.0,
    0.0,
    0.8943576303244561,
    0.21373123254410106,
    2.5065918460643464,
    0.3142631966734565,
    7.137522456330733,
    0.0
  ],
  "dietary_fibers": [
    0.0,
    0.0,
    1.5641988719271658,
    0.2460676231270545,
    2.142881028819685,
    0.9354656269645052,
    7.613296878984646,
    0.0
  ],
  "insulin": [
    0.0,
    0.0,
    0.53676403797374,
    0.04157493253054409,
    3.8943516967225364,
    0.4832889633283445,
    2.5829326886030612,
    0.0
  ]
}