{
  "simple_sugars": [
    0.0,
    0.0,
    0.4633214974064886,
    0.8142277143486532,
    0.057504712975215005,
    0.48826299684448693,
    2.7254038480573852,
    0.0
  ],
  "complex_sugars": [
    0.0,
    0.0,
    6.411201095539564,
    0.6438709521791773,
    4.482597970491415,
    0.9652215240440304,
    7.482691742827874,
    0.0
  ],
  "proteins": [
    0.0,
    0.0,
    6.018174418714751,
    0.889925328653605,
    0.4638940847106327,
    0.90084133478455,
    7.524807472500158,
    0.0
  ],
  "fats": [
    0.0,
    0.0,
    0.36377336571943697,
    0.7824132971369855,
    3.6298962141276965,
    0.024148078116065983,
    4.945977302724424,
    0.0
  ],
  "dietary_fibers": [
    0.0,
    0.0,
    6.362404664267347,
    0.6011569443219057,
    3.9857166465021603,
    0.4432494308444175,
    0.48928857616558474,
    0.0
  ],
  "insulin": [
    0.0,
    0.0,
    0.7617997817580208,
    0.8437781491307195,
    0.3003908951153927,
    0.3676065045287195,
    2.3148567584752873,
    0.0
  ]
}