{
  "patient_001": {
    "simple_sugars": [
      0.0,
      0.0,
      1.5834361038883276,
      0.844267440548273,
      3.7911519350651774,
      0.6178424739940753,
      2.6630418116706758,
      0.0
    ],
    "complex_sugars": [
      0.0,
      0.0,
      2.4357107272553926,
      0.9830535204719497,
      6.799868682639972,
      0.68565994201542,
      7.987759241288034,
      0.0
    ],
    "proteins": [
      0.0,
      0.0,
      6.895127500499332,
      0.7858259583580218,
      7.589420923348647,
      0.20840015571255588,
      5.724355531924316,
      0.0
    ],
    "fats": [
      0.0,
      0.0,
      0.35582433815035636,
      0.6722355727901012,
      2.521730340627971,
      0.9215125686762747,
      7.763366315230175,
      0.0
    ],
    "dietary_fibers": [
      0.0,
      0.0,
      2.657608499993814,
      0.42244130867534363,
      0.9541305288294422,
      0.43952331548929,
      1.7379066268840415,
      0.0
    ],
    "insulin": [
      0.0,
      0.0,
      1.2179176792477144,
      0.32741380005911824,
      2.838090263395845,
      0.6792466580446259,
      2.330137261801104,
      0.0
    ]
  },
  "patient_002": {
    "simple_sugars": [
      0.0,
      0.0,
      0.7086858500806956,
      0.908855104374809,
      0.9924768318485074,
      0.2191902965163527,
      0.42163917495155967,
      0.0
    ],
    "complex_sugars": [
      0.0,
      0.0,
      2.1084233634564797,
      0.281743687287458,
      2.190621770859525,
      0.8163409922334959,
      5.20032129206127,
      0.0
    ],
    "proteins": [
      0.0,
      0.0,
      3.7344832686653557,
      0.47646768462047534,
      1.8782849719366737,
      0.43095134480338537,
      1.2349775012244404,
      0.0
    ],
    "fats": [
      0.0,
      0.0,
      2.8121315620641276,
      0.7111208015350283,
      1.6283790648255179,
      0.25983373594989606,
      4.256255009683218,
      0.0
    ],
    "dietary_fibers": [
      0.0,
      0.0,
      4.913080109880244,
      0.6403500567055276,
      6.307637015261978,
      0.36678321041971435,
      1.407660973458376,
      0.0
    ],
    "insulin": [
      0.0,
      0.0,
      3.406285767122896,
      0.17000882512883653,
      2.547701721182184,
      0.5363710039800009,
      3.8867200776843536,
      0.0
    ]
  },
  "patient_004": {
    "simple_sugars": [
      0.0,
      0.0,
      1.624764827553301,
      0.21499160284279106,
      0.28732858882886037,
      0.9374759340002069,
      2.6425905683682642,
      0.0
    ],
    "complex_sugars": [
      0.0,
      0.0,
      2.2229950585600746,
      0.2474507539559561,
      3.1221813940075887,
      0.449422356699713,
      4.697735752561303,
      0.0
    ],
    "proteins": [
      0.0,
      0.0,
      7.292471885154004,
      0.8463794781889591,
      6.337441261126278,
      0.29290781568973406,
      6.128461800755726,
      0.0
    ],
    "fats": [
      0.0,
      0.0,
      6.218596155980335,
      0.17415271106605432,
      4.089047467944934,
      0.28179281520082144,
      7.062230558323603,
      0.0
    ],
    "dietary_fibers": [
      0.0,
      0.0,
      2.317963069926515,
      0.667922794307877,
      7.392288981300462,
      0.5156896654984902,
      7.52599471406816,
      0.0
    ],
    "insulin": [
      0.0,
      0.0,
      0.6860067523552553,
      0.5061189680040551,
      0.129505530742499,
      0.8393602676493934,
      0.07600939354985102,
      0.0
    ]
  },
  "patient_006": {
    "simple_sugars": [
      0.0,
      0.0,
      1.5516451504597415,
      0.2967936372196111,
      1.285193874372183,
      0.6360988937047043,
      1.8436351773791806,
      0.0
    ],
    "complex_sugars": [
      0.0,
      0.0,
      1.673937193498427,
      0.20627917596702666,
      5.604292341052515,
      0.5517457237266297,
      5.042555142355298,
      0.0
    ],
    "proteins": [
      0.0,
      0.0,
      6.839960271148761,
      0.09431879769696574,
      4.517001182119067,
      0.3692715808547114,
      2.00956054640059,
      0.0
    ],
    "fats": [
      0.0,
      0.0,
      7.32923418841906,
      0.8124351417875112,
      2.446750927189671,
      0.05876987538127779,
      2.1247308704644667,
      0.0
    ],
    "dietary_fibers": [
      0.0,
      0.0,
      0.7553014715711583,
      0.3242877172316705,
      7.83197680121866,
      0.6063752206014398,
      6.3401956714901395,
      0.0
    ],
    "insulin": [
      0.0,
      0.0,
      3.7124121683711158,
      0.4225353590690354,
      3.3526063224541116,
      0.6522061654203185,
      3.9878837485289322,
      0.0
    ]
  },
  "patient_007": {
    "simple_sugars": [
      0.0,
      0.0,
      1.6265576468300131,
      0.20144270642222,
      0.408185987879627,
      0.4479009207806439,
      1.8161141268043155,
      0.0
    ],
    "complex_sugars": [
      0.0,
      0.0,
      1.3556205679623763,
      0.9745739834864745,
      1.9729294156969837,
      0.49511294470351513,
      3.8784265803278917,
      0.0
    ],
    "proteins": [
      0.0,
      0.0,
      6.283517757424143,
      0.40176701823766037,
      2.6178210627620526,
      0.3891022923845665,
      7.661733031724553,
      0.0
    ],
    "fats": [
      0.0,
      0.0,
      0.828573516504851,
      0.619010309841119,
      7.511863753123366,
      0.379776387982307,
      1.2094958888869796,
      0.0
    ],
    "dietary_fibers": [
      0.0,
      0.0,
      5.822345806295723,
      0.7775881416717535,
      3.0393248828555026,
      0.288246772001854,
      1.9595474993221207,
      0.0
    ],
    "insulin": [
      0.0,
      0.0,
      2.040851067838691,
      0.7408549621138106,
      3.3086707928729684,
      0.09223304846672165,
      2.8858285210016277,
      0.0
    ]
  },
  "patient_008": {
    "simple_sugars": [
      0.0,
      0.0,
      3.6464477896022554,
      0.25578523410351817,
      3.401705739337923,
      0.37592218306284236,
      3.9695978025550325,
      0.0
    ],
    "complex_sugars": [
      0.0,
      0.0,
      5.66951850790209,
      0.88452579384192,
      7.969853268465589,
      0.29328829306444465,
      6.8737901157240575,
      0.0
    ],
    "proteins": [
      0.0,
      0.0,
      1.7810198146932965,
      0.007708449989358217,
      5.92296928883085,
      0.13768062773428785,
      4.284295354212744,
      0.0
    ],
    "fats": [
      0.0,
      0.0,
      0.012102342010493483,
      0.44744365391884183,
      3.1416181176127713,
      0.060421101100155195,
      6.34144002317803,
      0.0
    ],
    "dietary_fibers": [
      0.0,
      0.0,
      2.41593079367854,
      0.7072682155477179,
      7.213516503156673,
      0.2101623029419797,
      5.283827793525953,
      0.0
    ],
    "insulin": [
      0.0,
      0.0,
      3.973714367063889,
      0.6328160114924496,
      1.63976925404021,
      0.4147883832184226,
      2.39475341882117,
      0.0
    ]
  }
}