{
  "simple_sugars": [
    0.0,
    0.0,
    0.8966142323298706,
    0.9993607491314658,
    1.2358515121192797,
    0.03748935211926259,
    1.6067156445287933,
    0.0
  ],
  "complex_sugars": [
    0.0,
    0.0,
    1.039107885566331,
    0.356335466300563,
    0.10385901673380758,
    0.7687040584425294,
    1.5374173938243845,
    0.0
  ],
  "proteins": [
    0.0,
    0.0,
    7.966363735435979,
    0.5173250435747339,
    7.443127312562135,
    0.9840208580367309,
    5.362008408975217,
    0.0
  ],
  "fats": [
    0.0,
    0.0,
    0.5991307719385325,
    0.3004966347458202,
    4.9686390653671655,
    0.9130809907736016,
    3.970925657703792,
    0.0
  ],
  "dietary_fibers": [
    0.0,
    0.0,
    6.0648910020922235,
    0.8853186791229708,
    2.0265486744463086,
    0.3029272231397202,
    3.7570136253368918,
    0.0
  ],
  "insulin": [
    0.0,
    0.0,
    0.15124645861387523,
    0.2552983385423383,
    3.371573349828898,
    0.4502297112723523,
    0.25813381386982015,
    0.0
  ]
}