{
  "simple_sugars": [
    0.0,
    0.0,
    0.8132405490169147,
    0.03172119868874622,
    2.824718719133379,
    0.9011972623081472,
    2.9449303111413,
    0.0
  ],
  "complex_sugars": [
    0.0,
    0.0,
    3.921023389538171,
    0.6600117871468268,
    3.7544618981251903,
    0.41383606263124567,
    4.463856859190276,
    0.0
  ],
  "proteins": [
    0.0,
    0.0,
    6.424806337320538,
    0.5176958318022675,
    2.5077310967586093,
    0.3438278289836758,
    4.893141412034376,
    0.0
  ],
  "fats": [
    0.0,
    0.0,
    2.8092519424093823,
    0.6283479046651176,
    0.3656194897406343,
    0.8931334620066168,
    3.1511647670575047,
    0.0
  ],
  "dietary_fibers": [
    0.0,
    0.0,
    7.286969535698446,
    0.878465535350638,
    0.7209808105624257,
    0.7171340014850611,
    6.044425791878095,
    0.0
  ],
  "insulin": [
    0.0,
    0.0,
    0.3568813563675959,
    0.24549414005919962,
    3.8738780206770755,
    0.5136799256552489,
    1.0713623337673812,
    0.0
  ]
}