{
  "simple_sugars": [
    0.0,
    0.0,
    0.006774216607490675,
    0.765146616140001,
    3.7131241040346286,
    0.7816169372767483,
    2.1947839682003334,
    0.0
  ],
  "complex_sugars": [
    0.0,
    0.0,
    3.5119365661154878,
    0.2371067098595025,
    4.984928659237413,
    0.49640883747915754,
    6.222665220913271,
    0.0
  ],
  "proteins": [
    0.0,
    0.0,
    0.3783771415623143,
    0.3019132025187548,
    1.7395778015210872,
    0.2201654761036328,
    5.325443410153752,
    0.0
  ],
  "fats": [
    0.0,
    0.0,
    2.726360202955592,
    0.7002509358441988,
    7.566923981305914,
    0.11673548127501389,
    3.779018748673883,
    0.0
  ],
  "dietary_fibers": [
    0.0,
    0.0,
    2.1393671474629685,
    0.2086437298616419,
    3.922288252953444,
    0.15098996696541495,
    4.609043533174112,
    0.0
  ],
  "insulin": [
    0.0,
    0.0,
    1.246663891467859,
    0.7423332383179432,
    3.6089506517397685,
    0.7341699326930337,
    0.41528227233666837,
    0.0
  ]
}