{
  "simple_sugars": [
    0.0,
    0.0,
    3.821194577502791,
    0.9404105198762588,
    0.6791350045712077,
    0.7673513436305989,
    3.732071300236896,
    0.0
  ],
  "complex_sugars": [
    0.0,
    0.0,
    7.174304444420521,
    0.7697632232053324,
    4.549115035159248,
    0.47558048258721064,
    2.238328548739255,
    0.0
  ],
  "proteins": [
    0.0,
    0.0,
    7.49140511027661,
    0.8966281666098805,
    2.9147153569657154,
    0.19824480998867086,
    5.2860135875340335,
    0.0
  ],
  "fats": [
    0.0,
    0.0,
    7.331573721483604,
    0.25837040591543686,
    7.453683951099932,
    0.04862036962054726,
    1.9835990312803937,
    0.0
  ],
  "dietary_fibers": [
    0.0,
    0.0,
    3.1147094310048065,
    0.7578669286454276,
    3.3556376612533,
    0.7091449559485971,
    0.30100764769794747,
    0.0
  ],
  "insulin": [
    0.0,
    0.0,
    2.091441494070136,
    0.8374259775168087,
    2.0578927890306136,
    0.7587097021741098,
    2.4833006879806567,
    0.0
  ]
}