{
  "001": {
    "simple_sugars": [
      0.6283499764467024,
      0.5529881905562253,
      0.2366001437083438,
      0.019692455508141707,
      0.28935760456705695,
      3.6039168738385983
    ],
    "complex_sugars": [
      0.18708439311370673,
      0.9322853054021621,
      0.8873325213830463,
      0.21355055580071947,
      0.5258166145144624,
      10.29634807746724
    ],
    "fats": [
      0.37869010073686427,
      0.5894321696987634,
      0.2861746013707275,
      0.8164890348985092,
      0.1590660254351532,
      6.7957020159282715
    ],
    "dietary_fibers": [
      0.10320893562467193,
      0.6692128796884846,
      0.06745820262015645,
      0.25503978266210836,
      0.4654355004418038,
      11.405286745810505
    ],
    "proteins": [
      0.16038193327169958,
      0.4544097926093271,
      0.006254635428463828,
      0.7165451058395621,
      0.8781255524833593,
      10.03676407647264
    ],
    "fast_insulin": [
      0.4630834551165579,
      0.9296792952146078,
      0.7737540638934713,
      0.8489967000599508,
      0.5606246886565764,
      5.397436257754829
    ],
    "slow_insulin": [
      0.5643743900578853,
      0.6331876328345672,
      0.46867571110010564,
      0.7326087248614306,
      0.5145275998531684,
      5.619180900393619
    ]
  }
}