Feature,Use Feature,Metabolism Rate,Peak Time,Plateau Duration
simple_sugars,0,0,0,0
complex_sugars,0,0,0,0
fats,0,0,0,0
dietary_fibers,1,1.4914944285960885,2.9164513116757274,0.5881356185403224
proteins,0,0,0,0
fast_insulin,1,0.10600021319893148,1.140566540944613,0.15006152341582624
slow_insulin,1,3.2678841974223256,1.1982053843997427,1.6880203411517514
