{
  "001": {
    "bezier_points": {
      "simple_sugars": [
        0.0,
        0.0,
        0.6433875088671498,
        0.8842633121982305,
        0.7959833813302095,
        0.5181279810186559,
        1.1369907438124667,
        0.0
      ],
      "complex_sugars": [
        0.0,
        0.0,
        1.086106529369027,
        0.5738965220586194,
        1.5440473800014813,
        0.7634222832475823,
        6.634622322993685,
        0.0
      ],
      "fats": [
        0.0,
        0.0,
        2.3391530629481085,
        0.20513322767814016,
        3.3902133933627665,
        0.22617475473753784,
        12.511900462855825,
        0.0
      ],
      "dietary_fibers": [
        0.0,
        0.0,
        1.0355970229708822,
        0.21442569101246833,
        3.798915533769312,
        0.4353629512437948,
        14.644416284129921,
        0.0
      ],
      "proteins": [
        0.0,
        0.0,
        1.2679258138115186,
        0.6358007284421973,
        1.7922958877378168,
        0.3809021469008062,
        7.0816643786566384,
        0.0
      ],
      "insulin": [
        0.0,
        0.0,
        0.3569497509340506,
        0.1817944847043102,
        1.3240499034511886,
        0.5142958159121408,
        2.9436961288119177,
        0.0
      ]
    },
    "weights": {
      "simple_sugars": -0.10231355077206847,
      "complex_sugars": -0.28807473121448596,
      "fats": -0.29594507162061606,
      "dietary_fibers": -0.5872519007607166,
      "proteins": 0.6425141318576937,
      "insulin": -0.6486473521584295
    }
  },
  "002": {
    "bezier_points": {
      "simple_sugars": [
        0.0,
        0.0,
        0.23652921726512585,
        0.9059796416601504,
        1.4171174769176031,
        0.7321703833243672,
        2.818181986478353,
        0.0
      ],
      "complex_sugars": [
        0.0,
        0.0,
        0.5834831628325683,
        0.34826539232518705,
        1.9043990440241276,
        0.7803818790610609,
        5.833726773804368,
        0.0
      ],
      "fats": [
        0.0,
        0.0,
        1.5023304456495608,
        0.5013857557870935,
        3.2205304000183133,
        0.5347556873591337,
        10.649901247616192,
        0.0
      ],
      "dietary_fibers": [
        0.0,
        0.0,
        1.840666504787647,
        0.6602496607018093,
        4.822506551176869,
        0.08875210994434932,
        8.271779774105926,
        0.0
      ],
      "proteins": [
        0.0,
        0.0,
        1.766636013452588,
        0.4367998621469108,
        2.8667529217573025,
        0.3353636236163623,
        4.304845373317684,
        0.0
      ],
      "insulin": [
        0.0,
        0.0,
        0.13555709856393475,
        0.9026804440904054,
        0.8926377508098866,
        0.2634624039543336,
        2.4730177734078462,
        0.0
      ]
    },
    "weights": {
      "simple_sugars": -0.8606232354263682,
      "complex_sugars": 0.3836294004223826,
      "fats": -0.5233856971759413,
      "dietary_fibers": -0.057747807495134335,
      "proteins": 0.9779752034940526,
      "insulin": 0.2828522164148558
    }
  },
  "004": {
    "bezier_points": {
      "simple_sugars": [
        0.0,
        0.0,
        0.34696733389388185,
        0.11773127321938892,
        1.4638300882912347,
        0.9554923165594632,
        2.3013984445420026,
        0.0
      ],
      "complex_sugars": [
        0.0,
        0.0,
        0.6380043020354618,
        0.1759783668189117,
        1.5086529233081596,
        0.3552996238228334,
        1.7384430103890351,
        0.0
      ],
      "fats": [
        0.0,
        0.0,
        2.9494222965354253,
        0.34659220393643475,
        3.9945399088500984,
        0.05305913158122379,
        12.083770884425254,
        0.0
      ],
      "dietary_fibers": [
        0.0,
        0.0,
        1.2703609084922391,
        0.24020900597810269,
        1.5049981842386935,
        0.11542148451272984,
        16.266868841049643,
        0.0
      ],
      "proteins": [
        0.0,
        0.0,
        2.0730555925530916,
        0.36700292033685844,
        3.067801181757464,
        0.9409336261727848,
        8.07190337049048,
        0.0
      ],
      "insulin": [
        0.0,
        0.0,
        0.11769025084668944,
        0.28159257948840216,
        0.2680828786853652,
        0.9869588236775415,
        3.6261931042283964,
        0.0
      ]
    },
    "weights": {
      "simple_sugars": -0.8744542228789901,
      "complex_sugars": -0.5604685402709878,
      "fats": 0.04995303445408385,
      "dietary_fibers": -0.21488213889679925,
      "proteins": 0.41564106442140564,
      "insulin": -0.38594816148559863
    }
  },
  "006": {
    "bezier_points": {
      "simple_sugars": [
        0.0,
        0.0,
        0.7191610265559628,
        0.7323413789712878,
        1.0004465749100722,
        0.5326563179434254,
        3.0895290206715083,
        0.0
      ],
      "complex_sugars": [
        0.0,
        0.0,
        0.9969758182638631,
        0.25997412857363117,
        2.5083173514076154,
        0.44805319772547203,
        4.086179029692535,
        0.0
      ],
      "fats": [
        0.0,
        0.0,
        2.722826143102696,
        0.31227760398301063,
        4.211647566454786,
        0.6226950591201196,
        7.375202204720778,
        0.0
      ],
      "dietary_fibers": [
        0.0,
        0.0,
        2.366193603428856,
        0.48768031374401694,
        4.349257537071295,
        0.9285136747539944,
        9.3049981106181,
        0.0
      ],
      "proteins": [
        0.0,
        0.0,
        1.7773575688231735,
        0.839488907785877,
        3.9036777071538844,
        0.5549149831310064,
        7.821109898810755,
        0.0
      ],
      "insulin": [
        0.0,
        0.0,
        0.13951716034287193,
        0.29458952869920413,
        0.6859221856357995,
        0.469680971875239,
        3.994234351322692,
        0.0
      ]
    },
    "weights": {
      "simple_sugars": -0.35761177028522373,
      "complex_sugars": 0.5810181993518271,
      "fats": -0.7247171025818786,
      "dietary_fibers": 0.5050615192738793,
      "proteins": -0.012771322537177474,
      "insulin": -0.6980533318682568
    }
  },
  "007": {
    "bezier_points": {
      "simple_sugars": [
        0.0,
        0.0,
        0.1360322789833803,
        0.900013520412003,
        0.2586913675100813,
        0.9297585546354736,
        1.5830435869795414,
        0.0
      ],
      "complex_sugars": [
        0.0,
        0.0,
        1.0647839850645067,
        0.14126341879674909,
        1.2982384841180639,
        0.9975373555999314,
        1.4135426863295584,
        0.0
      ],
      "fats": [
        0.0,
        0.0,
        2.6054424053237453,
        0.6394880349625379,
        4.810088379495587,
        0.042296951665799054,
        7.25853932643199,
        0.0
      ],
      "dietary_fibers": [
        0.0,
        0.0,
        1.272715189195749,
        0.6960287127437222,
        5.791022612901023,
        0.5752225559450154,
        12.342074554782528,
        0.0
      ],
      "proteins": [
        0.0,
        0.0,
        1.8269180866202925,
        0.4530068459116013,
        2.0306240429499898,
        0.13071031283452392,
        9.32680194095675,
        0.0
      ],
      "insulin": [
        0.0,
        0.0,
        0.2347405590501434,
        0.26384428882809463,
        0.6773357860201513,
        0.9975415097702559,
        1.264062956240025,
        0.0
      ]
    },
    "weights": {
      "simple_sugars": 0.05212158878174605,
      "complex_sugars": 0.22021639086853315,
      "fats": -0.5653656820093688,
      "dietary_fibers": -0.03426896587321898,
      "proteins": 0.925831796125648,
      "insulin": 0.3551071315747744
    }
  },