Feature,Use Feature,Metabolism Rate,Peak Time,Plateau Duration
simple_sugars,1,0.15589145845451827,2.1331845540372742,0.4244349540569867
complex_sugars,1,1.6679853736725232,2.2246409594269467,1.2004573437241346
fats,0,0,0,0
dietary_fibers,1,0.11022947718846339,1.376205191901875,0.9528477316692321
proteins,1,0.3056502193971838,3.9853040784582294,0.9852627137640761
fast_insulin,1,0.27395230948116434,4.098538313997411,0.4634232220953206
slow_insulin,1,0.11380207722032673,0.9254972238386527,0.7958891205898806
