Feature,Use Feature,Metabolism Rate,Peak Time,Plateau Duration
simple_sugars,1,0.36433081650656374,1.7625904813452369,0.7337348118004212
complex_sugars,0,0,0,0
fats,0,0,0,0
dietary_fibers,1,4.55575827054973,2.776523758589229,1.4598604409019347
proteins,0,0,0,0
fast_insulin,1,0.6224696829564187,4.93761759358534,1.09432131591334
slow_insulin,1,1.443842287132748,1.4514846246232274,0.9969862869268046
