{
  "001": {
    "simple_sugars": [
      0.0,
      0.0,
      0.3660448745939363,
      0.7843605321365711,
      1.4984689629951042,
      0.6864946493715326,
      3.0437806169799377,
      0.0
    ],
    "complex_sugars": [
      0.0,
      0.0,
      0.5685943158006344,
      0.6450122599145462,
      2.73689411255189,
      0.511953850690683,
      3.330839628435223,
      0.0
    ],
    "fats": [
      0.0,
      0.0,
      1.7728534966079625,
      0.20646110937320847,
      4.306878289627581,
      0.41333696778058077,
      12.066265754786757,
      0.0
    ],
    "dietary_fibers": [
      0.0,
      0.0,
      1.4098949355517907,
      0.14054506838774164,
      4.170902220978745,
      0.39687349447094183,
      6.93205340176303,
      0.0
    ],
    "proteins": [
      0.0,
      0.0,
      1.3640248314199006,
      0.3014348382080801,
      4.150853545249095,
      0.6120789473490503,
      6.439025628147027,
      0.0
    ],
    "fast_insulin": [
      0.0,
      0.0,
      0.1539365619354395,
      0.4535591151922118,
      2.153769090135209,
      0.15959154182947674,
      4.053161549528505,
      0.0
    ],
    "slow_insulin": [
      0.0,
      0.0,
      1.0725932536320144,
      0.3756575013090573,
      5.143161243507346,
      0.7661501992111103,
      8.346065545903826,
      0.0
    ]
  },
  "002": {
    "simple_sugars": [
      0.0,
      0.0,
      0.28878956368295183,
      0.7224797143623201,
      0.5672225937564941,
      0.4422790339868647,
      1.2798624877006752,
      0.0
    ],
    "complex_sugars": [
      0.0,
      0.0,
      0.4103640712470824,
      0.2947027631229789,
      3.00122496690298,
      0.42593541519214956,
      4.576735302827252,
      0.0
    ],
    "fats": [
      0.0,
      0.0,
      1.6628200143387435,
      0.1672566278446954,
      2.455938230396586,
      0.38252298722425837,
      17.14305115855964,
      0.0
    ],
    "dietary_fibers": [
      0.0,
      0.0,
      1.3681442919722815,
      0.07021769353723747,
      4.3346077464299215,
      0.3031481535820865,
      5.970571991260152,
      0.0
    ],
    "proteins": [
      0.0,
      0.0,
      1.1248781442652005,
      0.2165519246802096,
      6.2901131657511415,
      0.37762065017557866,
      9.012211962359686,
      0.0
    ],
    "fast_insulin": [
      0.0,
      0.0,
      0.15260773243162537,
      0.8793009726803568,
      1.9727169779151161,
      0.30345033867336707,
      3.8505527162106628,
      0.0
    ],
    "slow_insulin": [
      0.0,
      0.0,
      1.2607920318607502,
      0.3595740795493181,
      3.8172222208686866,
      0.41344758168898543,
      5.352585790093535,
      0.0
    ]
  },
  "004": {
    "simple_sugars": [
      0.0,
      0.0,
      0.3102797405817337,
      0.7781136396954019,
      1.9225864349429884,
      0.558009755104672,
      4.160109687497067,
      0.0
    ],
    "complex_sugars": [
      0.0,
      0.0,
      0.35377079914630355,
      0.31780104486065985,
      1.520661438414027,
      0.4557335741242046,
      3.151336849459826,
      0.0
    ],
    "fats": [
      0.0,
      0.0,
      2.8443094264675377,
      0.18369455464235002,
      6.634438479454174,
      0.2328891766284807,
      13.27467751079295,
      0.0
    ],
    "dietary_fibers": [
      0.0,
      0.0,
      1.0382809494238683,
      0.14009985704528677,
      3.1934408350773165,
      0.22493427130149335,
      5.8269720510318646,
      0.0
    ],
    "proteins": [
      0.0,
      0.0,
      0.698429625890914,
      0.3579043635826359,
      1.7926299597871123,
      0.7705708190684102,
      3.473165785300722,
      0.0
    ],
    "fast_insulin": [
      0.0,
      0.0,
      0.10024147043904602,
      0.49796816598975335,
      0.23933004576735278,
      0.19819204623333117,
      4.450032529929013,
      0.0
    ],
    "slow_insulin": [
      0.0,
      0.0,
      0.34146445944632464,
      0.37067605296916845,
      4.469371076903579,
      0.7143795463814601,
      7.226368341268423,
      0.0
    ]
  },
  "006": {
    "simple_sugars": [
      0.0,
      0.0,
      0.2585963840205022,
      0.5671808264779704,
      2.2012574851112596,
      0.33909161425446005,
      3.0848563914105815,
      0.0
    ],
    "complex_sugars": [
      0.0,
      0.0,
      0.24945236206953256,
      0.5031390572223268,
      1.420189023347038,
      0.5142119880133859,
      6.743398019203035,
      0.0
    ],
    "fats": [
      0.0,
      0.0,
      1.8081481461180509,
      0.10153945807095799,
      5.965846584124418,
      0.5362699578963651,
      12.962225996972103,
      0.0
    ],
    "dietary_fibers": [
      0.0,
      0.0,
      1.202776427572177,
      0.12734021950015736,
      3.396839908247766,
      0.3802761530433508,
      3.875217851829612,
      0.0
    ],
    "proteins": [
      0.0,
      0.0,
      2.9244479251131508,
      0.2011081485962691,
      5.5955607654700446,
      0.6639206092399598,
      12.845976070118551,
      0.0
    ],
    "fast_insulin": [
      0.0,
      0.0,
      0.29470403774272513,
      0.7046928258730305,
      0.793576679018269,
      0.4340864018363051,
      3.8979777260433925,
      0.0
    ],
    "slow_insulin": [
      0.0,
      0.0,
      0.8257137936184581,
      0.45005154786975327,
      4.809775405933356,
      0.8209215168298124,
      7.738323864251971,
      0.0
    ]
  },
  "007": {
    "simple_sugars": [
      0.0,
      0.0,
      0.5373471795952894,
      0.6915725738221278,
      1.0598368326178111,
      0.6780565809938074,
      2.7268987887528264,
      0.0
    ],
    "complex_sugars": [
      0.0,
      0.0,
      0.33296174210989576,
      0.36097021618152225,
      0.7985517488778383,
      0.6201089719453061,
      3.0897025950191424,
      0.0
    ],
    "fats": [
      0.0,
      0.0,
      4.136111593633574,
      0.20268054418586548,
      6.4120179185045325,
      0.4306342233355152,
      9.180897434120753,
      0.0
    ],
    "dietary_fibers": [
      0.0,
      0.0,
      0.3656809747283236,
      0.12283155511398959,
      0.9261641324336065,
      0.22091879251590807,
      8.728223203609923,
      0.0
    ],
    "proteins": [
      0.0,
      0.0,
      1.8906508745252744,
      0.4018198104848963,
      3.097648947613723,
      0.5586951512791829,
      6.596287776212708,
      0.0
    ],
    "fast_insulin": [
      0.0,
      0.0,
      0.216329441985046,
      0.8779944724654507,
      0.8265228058583511,
      0.22637216939652507,
      3.8609968089207416,
      0.0
    ],
    "slow_insulin": [
      0.0,
      0.0,
      0.9582629333529098,
      0.2975956998802699,
      3.0499170994991314,
      0.9702656184994998,
      5.128978715774154,
      0.0
    ]
  },
  "008": {
    "simple_sugars": [
      0.0,
      0.0,
      0.7276872536317125,
      0.8216944815822762,
      0.9474285621963277,
      0.5145384853121402,
      1.7024251931396504,
      0.0
    ],
    "complex_sugars": [
      0.0,
      0.0,
      0.5972673807676592,
      0.6449694519686783,
      3.000481621585603,
      0.5315438434917285,
      6.476019081474519,
      0.0
    ],
    "fats": [
      0.0,
      0.0,
      2.2416994536841823,
      0.27460192218511703,
      8.779185619262691,
      0.3401367682350298,
      9.360892370746598,
      0.0
    ],
    "dietary_fibers": [
      0.0,
      0.0,
      0.2009871052631721,
      0.08818807144588349,
      3.974055472121368,
      0.40424813783036145,
      8.928858666230553,
      0.0
    ],
    "proteins": [
      0.0,
      0.0,
      2.8281638128266486,
      0.4403495233875206,
      4.784940471057707,
      0.8080678515551283,
      11.26908777509021,
      0.0
    ],
    "fast_insulin": [
      0.0,
      0.0,
      0.2527306705622917,
      0.47559874751509224,
      1.946920540430809,
      0.37956208679890485,
      2.947984320839664,
      0.0
    ],