{
  "001": {
    "simple_sugars": [
      0.0,
      0.0,
      0.5184474969297309,
      0.8969872790303766,
      1.9271768485072358,
      0.46754109577532843,
      4.376108925239742,
      0.0
    ],
    "complex_sugars": [
      0.0,
      0.0,
      1.1840275521511097,
      0.35801790718156495,
      2.9973337735742587,
      0.5788602749690896,
      6.109771814949881,
      0.0
    ],
    "fats": [
      0.0,
      0.0,
      3.313164427264233,
      0.13707189565806693,
      7.1457203046619195,
      0.48445171138352494,
      11.026697632603323,
      0.0
    ],
    "dietary_fibers": [
      0.0,
      0.0,
      1.1900285743083296,
      0.07787842915541864,
      3.571445522742185,
      0.2205406149252154,
      8.27855410376876,
      0.0
    ],
    "proteins": [
      0.0,
      0.0,
      2.5058805927830226,
      0.1503818208321926,
      3.8712303105408834,
      0.46444447656370097,
      7.528283064324293,
      0.0
    ],
    "fast_insulin": [
      0.0,
      0.0,
      0.34227963292670394,
      0.6888759910638534,
      1.7600342608023027,
      0.3610432107810501,
      3.7933767368489395,
      0.0
    ],
    "slow_insulin": [
      0.0,
      0.0,
      0.8319060494993047,
      0.30250402615401917,
      2.7198900444901866,
      0.7410139000804246,
      9.709573650847956,
      0.0
    ]
  },
  "002": {
    "simple_sugars": [
      0.0,
      0.0,
      0.4335745571005186,
      0.5942782459119225,
      1.8606388568587144,
      0.269846277571752,
      2.0058384494190338,
      0.0
    ],
    "complex_sugars": [
      0.0,
      0.0,
      0.18129724507059958,
      0.41657879125118924,
      3.036332737734783,
      0.651463572950991,
      5.696233581118845,
      0.0
    ],
    "fats": [
      0.0,
      0.0,
      0.37163158751058056,
      0.12734568077504424,
      8.349913164036678,
      0.4925609306379275,
      10.948418068623118,
      0.0
    ],
    "dietary_fibers": [
      0.0,
      0.0,
      1.196962595184002,
      0.07356426241917247,
      2.21335136529608,
      0.31143231244340064,
      5.043273961622269,
      0.0
    ],
    "proteins": [
      0.0,
      0.0,
      2.010633939802558,
      0.18607364804126533,
      4.276141142086372,
      0.5581596504275093,
      5.836028501791011,
      0.0
    ],
    "fast_insulin": [
      0.0,
      0.0,
      0.28956637866399937,
      0.49917187960125864,
      1.045500898046858,
      0.16124294109499818,
      3.649557527825667,
      0.0
    ],
    "slow_insulin": [
      0.0,
      0.0,
      0.14488177098905222,
      0.25593137394552634,
      3.7717796938266246,
      0.5448460234156443,
      4.574139296794168,
      0.0
    ]
  },
  "004": {
    "simple_sugars": [
      0.0,
      0.0,
      0.10071006540272019,
      0.7896268104495366,
      1.442195767957839,
      0.7400303121375313,
      2.392158071045759,
      0.0
    ],
    "complex_sugars": [
      0.0,
      0.0,
      0.40769591111740444,
      0.36015396781443276,
      0.8643385767371573,
      0.7055877029867137,
      1.2639285953779875,
      0.0
    ],
    "fats": [
      0.0,
      0.0,
      1.493795872273255,
      0.14867342321604432,
      7.189136836117248,
      0.42942839985152265,
      13.728384696643909,
      0.0
    ],
    "dietary_fibers": [
      0.0,
      0.0,
      1.4977873077559338,
      0.1373462552722734,
      1.6633260500771456,
      0.19399045267953993,
      7.2625316299887785,
      0.0
    ],
    "proteins": [
      0.0,
      0.0,
      2.7240351975425203,
      0.2947560346218035,
      3.065210559873065,
      0.42301253552802154,
      11.10947687520425,
      0.0
    ],
    "fast_insulin": [
      0.0,
      0.0,
      0.37010375345875934,
      0.5253196644337527,
      1.023121836683807,
      0.16047447630500863,
      1.4941208131302617,
      0.0
    ],
    "slow_insulin": [
      0.0,
      0.0,
      0.7993897625613422,
      0.23353131707873429,
      5.551969882188418,
      0.43875198415812966,
      8.646696435341852,
      0.0
    ]
  },
  "006": {
    "simple_sugars": [
      0.0,
      0.0,
      0.7185046436666758,
      0.6689969193638035,
      1.5057811201898337,
      0.5806871666773331,
      4.0795265743953815,
      0.0
    ],
    "complex_sugars": [
      0.0,
      0.0,
      0.8431543894249849,
      0.3971839185005085,
      1.0544153290057594,
      0.969284205301623,
      6.902082643316238,
      0.0
    ],
    "fats": [
      0.0,
      0.0,
      0.7328215953918141,
      0.15686709740998048,
      10.499349890223723,
      0.4392218429732374,
      14.154198371863584,
      0.0
    ],
    "dietary_fibers": [
      0.0,
      0.0,
      1.1086277644142666,
      0.05690972634552622,
      1.489801158155535,
      0.3288214886484079,
      8.225608834359834,
      0.0
    ],
    "proteins": [
      0.0,
      0.0,
      2.180448936738711,
      0.2857995226106535,
      2.412762574389905,
      0.4030774010347834,
      11.359404225680287,
      0.0
    ],
    "fast_insulin": [
      0.0,
      0.0,
      0.2312171903042115,
      0.5610865535963335,
      1.7880824460273765,
      0.3333430498681556,
      3.4772297063719604,
      0.0
    ],
    "slow_insulin": [
      0.0,
      0.0,
      0.320616811855739,
      0.5192374564073815,
      1.1351183486759566,
      0.651087919285412,
      1.9509913443938975,
      0.0
    ]
  },
  "007": {
    "simple_sugars": [
      0.0,
      0.0,
      0.6984728096288042,
      0.9809263812639047,
      2.0532978562749973,
      0.33379519889653925,
      3.0169190658119356,
      0.0
    ],
    "complex_sugars": [
      0.0,
      0.0,
      0.2273078180006955,
      0.7490420597188262,
      1.5940245706102236,
      0.9130859794794663,
      3.4106720019183414,
      0.0
    ],
    "fats": [
      0.0,
      0.0,
      0.935594764944935,
      0.10291805538262039,
      5.918303407247748,
      0.324831214030044,
      10.078156151754207,
      0.0
    ],
    "dietary_fibers": [
      0.0,
      0.0,
      0.4282081963874344,
      0.14658282816999876,
      2.148000994121734,
      0.2209926711719451,
      8.972206851502948,
      0.0
    ],
    "proteins": [
      0.0,
      0.0,
      2.2341824062470983,
      0.3613550600700368,
      3.01240659533343,
      0.709748236081172,
      5.044247043450061,
      0.0
    ],
    "fast_insulin": [
      0.0,
      0.0,
      0.23554755458147153,
      0.4690591036540963,
      1.4794116595869735,
      0.4344000368655524,
      1.8872538586487653,
      0.0
    ],
    "slow_insulin": [
      0.0,
      0.0,
      1.4991084953832647,
      0.36173233759564605,
      3.7130911565014033,
      0.5667864091238916,
      5.249884235026757,
      0.0
    ]
  },
  "008": {
    "simple_sugars": [
      0.0,
      0.0,
      0.1812547797810452,
      0.8284078860910887,
      0.8802488535088987,
      0.3611471497410424,
      3.4493874134122122,
      0.0
    ],
    "complex_sugars": [
      0.0,
      0.0,
      1.1654043399647673,
      0.640417569011583,
      1.8654974334700478,
      0.7317551717978985,
      2.947423594748215,
      0.0
    ],
    "fats": [
      0.0,
      0.0,
      0.910702444300904,
      0.17052288022466341,
      2.5618970187495935,
      0.3282937734221196,
      7.086434990094892,
      0.0
    ],
    "dietary_fibers": [
      0.0,
      0.0,
      1.2970629845282966,
      0.0827852694867305,
      3.4623943860760766,
      0.2206918896840698,
      4.985804371133317,
      0.0
    ],
    "proteins": [
      0.0,
      0.0,
      2.6459928706908507,
      0.15068292980756706,
      6.727182185910278,
      0.783483860319857,
      11.562593347860659,
      0.0
    ],
    "fast_insulin": [
      0.0,
      0.0,
      0.23232686274571246,
      0.8816102741618481,
      0.6151747343342931,
      0.26691380906974327,
      2.0564909506158178,
      0.0
    ],