{
  "001": {
    "simple_sugars": [
      0.0,
      0.0,
      0.4670958542778395,
      0.9243323068672544,
      0.8169541603484262,
      0.2869085062612019,
      4.440938566638987,
      0.0
    ],
    "complex_sugars": [
      0.0,
      0.0,
      0.36592499864713407,
      0.40601192773388917,
      3.920775612506347,
      0.9520994418821205,
      6.863105265515458,
      0.0
    ],
    "fats": [
      0.0,
      0.0,
      0.37340293379776335,
      0.1820861392011437,
      5.8769943865908445,
      0.20523492105294855,
      12.587748398778267,
      0.0
    ],
    "dietary_fibers": [
      0.0,
      0.0,
      0.8121567519901524,
      0.0767580765047243,
      3.6618175106337634,
      0.2122524988803102,
      6.698864218399898,
      0.0
    ],
    "proteins": [
      0.0,
      0.0,
      0.9126777344146761,
      0.33002240704100994,
      6.886557163666822,
      0.8028034162769253,
      10.368322875559485,
      0.0
    ],
    "fast_insulin": [
      0.0,
      0.0,
      0.44801815302159964,
      0.48896553412614796,
      1.217917162197398,
      0.16748835927153477,
      4.203216702312385,
      0.0
    ],
    "slow_insulin": [
      0.0,
      0.0,
      0.5253161955098327,
      0.28039685844275924,
      2.7529348603113495,
      0.6214964144702098,
      6.962958263468117,
      0.0
    ]
  },
  "002": {
    "simple_sugars": [
      0.0,
      0.0,
      0.43202683799647923,
      0.8628832039985922,
      0.7722585591751592,
      0.27595464468916026,
      1.7991025484395746,
      0.0
    ],
    "complex_sugars": [
      0.0,
      0.0,
      1.475146986074189,
      0.7352382524484127,
      2.5679776433812895,
      0.44353886395104797,
      4.206533107926588,
      0.0
    ],
    "fats": [
      0.0,
      0.0,
      3.7336088995112067,
      0.115322468698941,
      5.2577164074322775,
      0.20351634736188842,
      16.991405334187096,
      0.0
    ],
    "dietary_fibers": [
      0.0,
      0.0,
      0.6807914100995223,
      0.07712327632419466,
      1.8040481615886805,
      0.21837509438142544,
      2.469316556991773,
      0.0
    ],
    "proteins": [
      0.0,
      0.0,
      2.63630799910103,
      0.2359904558612117,
      3.7829652206246713,
      0.5995306968704343,
      9.245312550043762,
      0.0
    ],
    "fast_insulin": [
      0.0,
      0.0,
      0.1397033064835292,
      0.7447215396842541,
      2.038236020669447,
      0.44997262561508433,
      3.8567973239760893,
      0.0
    ],
    "slow_insulin": [
      0.0,
      0.0,
      0.3862378540910292,
      0.2405050146561572,
      1.3954469415184376,
      0.409547093181867,
      3.7746844558551764,
      0.0
    ]
  },
  "004": {
    "simple_sugars": [
      0.0,
      0.0,
      0.2730849060005974,
      0.43157929169787135,
      1.1970369227145814,
      0.5136739133820161,
      1.5728270611181099,
      0.0
    ],
    "complex_sugars": [
      0.0,
      0.0,
      0.615548949323288,
      0.5703649889514523,
      3.8957885226029565,
      0.5599383679794395,
      5.160543433119837,
      0.0
    ],
    "fats": [
      0.0,
      0.0,
      3.8147616298687392,
      0.1573519834398418,
      9.541806343912876,
      0.3106285440770189,
      13.60739580188273,
      0.0
    ],
    "dietary_fibers": [
      0.0,
      0.0,
      0.774703794014292,
      0.1323352254792366,
      3.7864027575646624,
      0.1775703516332101,
      5.883285196944023,
      0.0
    ],
    "proteins": [
      0.0,
      0.0,
      2.7790129854446524,
      0.1944134803011257,
      6.371878957953985,
      0.5065305630849664,
      7.85392453619545,
      0.0
    ],
    "fast_insulin": [
      0.0,
      0.0,
      0.4281556989691208,
      0.891285929936394,
      0.8447263926002294,
      0.2144131245895647,
      3.1800952346944023,
      0.0
    ],
    "slow_insulin": [
      0.0,
      0.0,
      1.0222894398944722,
      0.43216293137145034,
      2.3671073530966593,
      0.38268939707951866,
      3.6243788077482826,
      0.0
    ]
  },
  "006": {
    "simple_sugars": [
      0.0,
      0.0,
      0.4830231008770614,
      0.551284444711955,
      0.7316133448909612,
      0.30878729649955056,
      3.468719342946637,
      0.0
    ],
    "complex_sugars": [
      0.0,
      0.0,
      1.0765890254731303,
      0.27385699253488255,
      1.353822202130119,
      0.7734109484848335,
      2.081691835704418,
      0.0
    ],
    "fats": [
      0.0,
      0.0,
      3.947012815283916,
      0.19571048840306612,
      9.532978084298612,
      0.5005734761787305,
      13.807148748383216,
      0.0
    ],
    "dietary_fibers": [
      0.0,
      0.0,
      0.5320393613081139,
      0.08258641743685924,
      2.178365601696449,
      0.33442991524803406,
      3.940835625692283,
      0.0
    ],
    "proteins": [
      0.0,
      0.0,
      2.404828612448398,
      0.31937514296611197,
      3.8553633101203584,
      0.7882907415250112,
      5.829043284973045,
      0.0
    ],
    "fast_insulin": [
      0.0,
      0.0,
      0.28149847294203667,
      0.6823998656791564,
      1.6474038178394583,
      0.3081560367912986,
      3.370627404988975,
      0.0
    ],
    "slow_insulin": [
      0.0,
      0.0,
      1.204785131164646,
      0.5545397989153067,
      3.4204056919521917,
      0.3992303712213737,
      9.452809329079392,
      0.0
    ]
  },
  "007": {
    "simple_sugars": [
      0.0,
      0.0,
      0.29829921824383904,
      0.43907053896696174,
      1.197986005948701,
      0.6898568785227277,
      3.4586748861356758,
      0.0
    ],
    "complex_sugars": [
      0.0,
      0.0,
      1.400617225318137,
      0.6229615485587958,
      2.258585785894819,
      0.5166435703604441,
      6.112301514821984,
      0.0
    ],
    "fats": [
      0.0,
      0.0,
      1.008603736622801,
      0.14079682897940465,
      8.986848856343634,
      0.24173112393465276,
      17.28598222791738,
      0.0
    ],
    "dietary_fibers": [
      0.0,
      0.0,
      0.18977357934356787,
      0.05986103331196169,
      1.720125579060088,
      0.34611097185856327,
      2.612710651480201,
      0.0
    ],
    "proteins": [
      0.0,
      0.0,
      0.862491372199479,
      0.43867721834491497,
      7.280843947065949,
      0.7984986791904969,
      9.82197123559499,
      0.0
    ],
    "fast_insulin": [
      0.0,
      0.0,
      0.2420429517575468,
      0.9767452892423246,
      1.1050560060247343,
      0.3362400419133902,
      2.4321522469067944,
      0.0
    ],
    "slow_insulin": [
      0.0,
      0.0,
      0.683345935280171,
      0.335817427323394,
      5.772025684741366,
      0.749028663110748,
      8.856622258981774,
      0.0
    ]
  },
  "008": {
    "simple_sugars": [
      0.0,
      0.0,
      0.4934697531462211,
      0.9057208162703382,
      1.3237534663347668,
      0.30967372528017606,
      2.4474889160224227,
      0.0
    ],
    "complex_sugars": [
      0.0,
      0.0,
      0.8285011367603806,
      0.32145618887815663,
      1.8129640474892759,
      0.8413989571374457,
      6.97459514466536,
      0.0
    ],
    "fats": [
      0.0,
      0.0,
      4.139560386467527,
      0.2622659186367852,
      8.756165344902646,
      0.4476200954568339,
      15.863578740075122,
      0.0
    ],
    "dietary_fibers": [
      0.0,
      0.0,
      0.30257513165514766,
      0.12571330048296933,
      4.45014122132994,
      0.27855281425002754,
      4.725786176151164,
      0.0
    ],
    "proteins": [
      0.0,
      0.0,
      1.1711823287154357,
      0.23607226796124456,
      4.256822875991521,
      0.47381656659992205,
      5.001520309108878,
      0.0
    ],
    "fast_insulin": [
      0.0,
      0.0,
      0.24874317686336667,
      0.9267339780020619,
      1.6819660552758722,
      0.30989442762556463,
      2.9332154481322013,
      0.0
    ],