{
  "001": {
    "simple_sugars": [
      0.0,
      0.0,
      0.5448838279791395,
      0.8658028944613307,
      1.1320888621253329,
      0.2994191071748408,
      2.08866472108763,
      0.0
    ],
    "complex_sugars": [
      0.0,
      0.0,
      0.9696745014267881,
      0.5144795456704061,
      2.4872358921034228,
      0.8210246825234327,
      4.000702617390166,
      0.0
    ],
    "fats": [
      0.0,
      0.0,
      4.05387090476588,
      0.2814012697678746,
      3.662184648660333,
      0.26462794736591205,
      6.243985416014026,
      0.0
    ],
    "dietary_fibers": [
      0.0,
      0.0,
      0.334756225294573,
      0.07099447618288207,
      2.4698728846372493,
      0.37392449359607416,
      3.4363050597280296,
      0.0
    ],
    "proteins": [
      0.0,
      0.0,
      1.9740593425389625,
      0.3377700585172151,
      4.0011763911229306,
      0.46110903176482204,
      7.016544145671846,
      0.0
    ],
    "fast_insulin": [
      0.0,
      0.0,
      0.17800499862677244,
      0.6940689943606403,
      1.1201519746419883,
      0.34471736939013864,
      1.9254070188904129,
      0.0
    ],
    "slow_insulin": [
      0.0,
      0.0,
      0.7621889815860426,
      0.42686476004163426,
      4.163188832948033,
      0.8037735461200118,
      8.515380560141493,
      0.0
    ]
  },
  "002": {
    "simple_sugars": [
      0.0,
      0.0,
      0.43063638160281315,
      0.9139618310818423,
      0.6146523658889534,
      0.45285577122148357,
      2.888081426708046,
      0.0
    ],
    "complex_sugars": [
      0.0,
      0.0,
      1.4634219142546825,
      0.6402732209131129,
      2.5023744116439457,
      0.9539448197163038,
      5.240291420539629,
      0.0
    ],
    "fats": [
      0.0,
      0.0,
      3.178221841713608,
      0.21652503539275622,
      5.684423710219324,
      0.2371998061072977,
      7.236824730119867,
      0.0
    ],
    "dietary_fibers": [
      0.0,
      0.0,
      0.30013243868910505,
      0.07916290060323557,
      1.2829370828430606,
      0.34363319281309856,
      2.8501496066437633,
      0.0
    ],
    "proteins": [
      0.0,
      0.0,
      1.8869710736270633,
      0.4315587925088413,
      4.041656627636961,
      0.5938389511532974,
      5.455151432968869,
      0.0
    ],
    "fast_insulin": [
      0.0,
      0.0,
      0.21786572696229622,
      0.5242640140665366,
      1.2221698240249428,
      0.35212712499856896,
      1.755264198886562,
      0.0
    ],
    "slow_insulin": [
      0.0,
      0.0,
      0.7873350457959903,
      0.580935402300548,
      3.020712871891191,
      0.8928176452683569,
      8.412095955325281,
      0.0
    ]
  },
  "004": {
    "simple_sugars": [
      0.0,
      0.0,
      0.452715821672563,
      0.47865351318667193,
      1.2975908941576408,
      0.36285795565426343,
      2.5083191646362977,
      0.0
    ],
    "complex_sugars": [
      0.0,
      0.0,
      1.013463440904346,
      0.7012009659142795,
      2.1034688189746014,
      0.5804048353860389,
      5.225821787617665,
      0.0
    ],
    "fats": [
      0.0,
      0.0,
      4.268842428633925,
      0.17649228568609288,
      8.960982817395152,
      0.511360371822523,
      14.18266723408241,
      0.0
    ],
    "dietary_fibers": [
      0.0,
      0.0,
      0.5141583940630851,
      0.14829315942118648,
      2.2098664791219043,
      0.2739834174759414,
      4.178354010400904,
      0.0
    ],
    "proteins": [
      0.0,
      0.0,
      1.5240803860486094,
      0.32439457914148384,
      4.852059343298584,
      0.8154598395666626,
      5.929965090201414,
      0.0
    ],
    "fast_insulin": [
      0.0,
      0.0,
      0.378569674805018,
      0.4957295691432662,
      1.1021016505927133,
      0.2103860530210318,
      1.3765117002488618,
      0.0
    ],
    "slow_insulin": [
      0.0,
      0.0,
      1.0425884680907638,
      0.44142985449344146,
      3.9304779389732256,
      0.6193024899397883,
      7.812135101810645,
      0.0
    ]
  },
  "006": {
    "simple_sugars": [
      0.0,
      0.0,
      0.5874413142678707,
      0.6012424831773047,
      1.0287101745773726,
      0.5919623970717092,
      1.129937482440434,
      0.0
    ],
    "complex_sugars": [
      0.0,
      0.0,
      0.8127296539385278,
      0.4783514382918319,
      2.545506345922989,
      0.8627697013017341,
      5.356199458494309,
      0.0
    ],
    "fats": [
      0.0,
      0.0,
      4.485482840698465,
      0.10743576528357336,
      5.2042271581959,
      0.3873093258362199,
      14.451490034669902,
      0.0
    ],
    "dietary_fibers": [
      0.0,
      0.0,
      0.49913363579831416,
      0.14709689809588555,
      2.756101687481439,
      0.2108983107470009,
      3.589261210273642,
      0.0
    ],
    "proteins": [
      0.0,
      0.0,
      2.05545956323974,
      0.20876581805845526,
      3.9769951041039633,
      0.8331498198934738,
      5.034967568213714,
      0.0
    ],
    "fast_insulin": [
      0.0,
      0.0,
      0.25730550009539577,
      0.8130876691933473,
      0.7235863740213969,
      0.36496637925379477,
      1.8348469156497784,
      0.0
    ],
    "slow_insulin": [
      0.0,
      0.0,
      1.2098304557663448,
      0.4468946494742562,
      4.018650780410403,
      0.7871396023289563,
      4.219457165715641,
      0.0
    ]
  },
  "007": {
    "simple_sugars": [
      0.0,
      0.0,
      0.5836926388090056,
      0.9754816276779351,
      1.398031502011397,
      0.6631819561967045,
      2.425340834702282,
      0.0
    ],
    "complex_sugars": [
      0.0,
      0.0,
      1.2676523839656175,
      0.658030549068299,
      1.7318298777364474,
      0.4750250756001684,
      2.922509709294174,
      0.0
    ],
    "fats": [
      0.0,
      0.0,
      3.957164604292102,
      0.16703382383048493,
      5.890541835837736,
      0.34951046351991516,
      6.446955336013474,
      0.0
    ],
    "dietary_fibers": [
      0.0,
      0.0,
      0.3876939912148454,
      0.09114939074641704,
      2.122939013434734,
      0.4181769726318756,
      3.7500417096888166,
      0.0
    ],
    "proteins": [
      0.0,
      0.0,
      2.2518853416491487,
      0.17941438116519248,
      2.0551900231563844,
      0.3029939127183363,
      10.148956969136048,
      0.0
    ],
    "fast_insulin": [
      0.0,
      0.0,
      0.25609666234796924,
      0.7693205986722131,
      1.0211742718057668,
      0.29466834543868564,
      2.4536087939363,
      0.0
    ],
    "slow_insulin": [
      0.0,
      0.0,
      0.5521181035824779,
      0.472306404304346,
      1.8345900606197159,
      0.49005492658776245,
      5.0125323851580905,
      0.0
    ]
  },
  "008": {
    "simple_sugars": [
      0.0,
      0.0,
      0.36163201585140603,
      0.9832945446731159,
      0.6381287371275421,
      0.48999606877210733,
      1.3889875173392716,
      0.0
    ],
    "complex_sugars": [
      0.0,
      0.0,
      1.167544885250101,
      0.5411981888882269,
      2.337751299418775,
      0.8147484710601683,
      3.8828622074713963,
      0.0
    ],
    "fats": [
      0.0,
      0.0,
      2.8399979888693228,
      0.29343213330561024,
      4.016240233543418,
      0.3313665129130605,
      13.972699738863204,
      0.0
    ],
    "dietary_fibers": [
      0.0,
      0.0,
      0.5917970949794905,
      0.06855457060424042,
      2.457484184697554,
      0.2713490756176329,
      6.901984447510875,
      0.0
    ],
    "proteins": [
      0.0,
      0.0,
      1.9348613808593238,
      0.2749414428664836,
      5.60893606233077,
      0.6914681811655725,
      10.92121002470343,
      0.0
    ],
    "fast_insulin": [
      0.0,
      0.0,
      0.2796545906038943,
      0.9665653962894832,
      1.2041131072048197,
      0.3170744084673014,
      1.2547757931045307,
      0.0
    ],