Feature,Use Feature,Metabolism Rate,Peak Time,Plateau Duration
simple_sugars,1,3.9499591632486455,2.313151694631903,0.5023748947918439
complex_sugars,1,1.3473969440142133,3.6839449078166973,0.5427564957584136
fats,0,0,0,0
dietary_fibers,0,0,0,0
proteins,1,2.319455232004644,4.341740019432921,0.750651618305985
fast_insulin,1,0.4013663660354785,1.7743293697673224,1.5714627341593344
slow_insulin,1,0.5369410750222864,4.875412070177779,1.106378941259282
