Feature,Use Feature,Metabolism Rate,Peak Time,Plateau Duration
simple_sugars,1,3.36455147015964,1.8471997092824348,0.1892805249423457
complex_sugars,1,0.8240469112189154,3.4059000593815183,0.9340475277699392
fats,1,3.87653637063752,4.668113696944233,0.5562282308182823
dietary_fibers,0,0,0,0
proteins,0,0,0,0
fast_insulin,1,0.13860060589854015,0.9467695166283507,0.7699412827697968
slow_insulin,1,2.039873864756934,1.6458263698095996,0.4969323659984863
