Feature,Use Feature,Metabolism Rate,Peak Time,Plateau Duration
simple_sugars,1,0.46843530452422366,3.09450689211127,1.3335765049586044
complex_sugars,0,0,0,0
fats,1,4.964000775507073,2.328792249314484,1.0285389771039326
dietary_fibers,1,0.2977573417172635,2.1466002470969703,0.29061118589278717
proteins,1,0.14698647414526256,4.121130114604783,0.562175319936386
fast_insulin,1,0.21194964580214923,1.1515642673523367,1.5239191466917312
slow_insulin,1,0.7622393011338332,1.5381697130022234,1.6989883493936073
