{
  "001": {
    "bezier_points": {
      "simple_sugars": [
        0.0,
        0.0,
        0.5221100163570654,
        0.7950158662222959,
        0.8659892266083272,
        0.5182366759132412,
        2.5759835877312196,
        0.0
      ],
      "complex_sugars": [
        0.0,
        0.0,
        0.5205943801306624,
        0.1526929651724762,
        1.8786307202961818,
        0.5750413685183315,
        2.1717062127529627,
        0.0
      ],
      "fats": [
        0.0,
        0.0,
        2.9520349160978627,
        0.6820333531617904,
        3.1986424233780153,
        0.7130219683597658,
        9.453659535571202,
        0.0
      ],
      "dietary_fibers": [
        0.0,
        0.0,
        2.727866756956273,
        0.9779472504253347,
        3.0779392642045567,
        0.43657901638282703,
        17.932023267639583,
        0.0
      ],
      "proteins": [
        0.0,
        0.0,
        1.3390479859762414,
        0.7450418318280542,
        1.7114619719213682,
        0.4235475951925107,
        4.135385425103345,
        0.0
      ],
      "insulin": [
        0.0,
        0.0,
        0.2951205145359971,
        0.4079602248113467,
        1.3279624764205136,
        0.06819705640186888,
        1.5964640636247573,
        0.0
      ]
    },
    "weights": {
      "simple_sugars": -0.3184384056140644,
      "complex_sugars": 0.7367766388991291,
      "fats": 0.34640322768528886,
      "dietary_fibers": 0.7536385737163563,
      "proteins": -0.6118284886103332,
      "insulin": -0.06797991126534735
    }
  },
  "002": {
    "bezier_points": {
      "simple_sugars": [
        0.0,
        0.0,
        0.5661852271789114,
        0.2688573975984012,
        0.9049416191546781,
        0.6203513558341709,
        2.570402832853475,
        0.0
      ],
      "complex_sugars": [
        0.0,
        0.0,
        0.8311334439073077,
        0.3456682604061146,
        1.7982718936677167,
        0.6498687669731541,
        4.464882683107068,
        0.0
      ],
      "fats": [
        0.0,
        0.0,
        1.6502618034962724,
        0.15822984134622375,
        3.652997916133085,
        0.22180137443132428,
        8.32355323896596,
        0.0
      ],
      "dietary_fibers": [
        0.0,
        0.0,
        2.874938395897172,
        0.36626212320648954,
        5.518978841439804,
        0.4564638744411232,
        5.885737806386603,
        0.0
      ],
      "proteins": [
        0.0,
        0.0,
        1.3245261172542928,
        0.4462473943305899,
        3.70429172808914,
        0.44430493856578834,
        3.9436448796764867,
        0.0
      ],
      "insulin": [
        0.0,
        0.0,
        0.1819740628553245,
        0.16601660375742652,
        0.7898973570129405,
        0.9201032260535053,
        3.489708771958476,
        0.0
      ]
    },
    "weights": {
      "simple_sugars": -0.7278128287907377,
      "complex_sugars": 0.23130775130465347,
      "fats": -0.40860466451864996,
      "dietary_fibers": 0.12664993570937336,
      "proteins": 0.8321885517700588,
      "insulin": 0.18612842217119321
    }
  },
  "004": {
    "bezier_points": {
      "simple_sugars": [
        0.0,
        0.0,
        0.5189076743552296,
        0.17319165893715005,
        1.4741425938745507,
        0.8945170071520266,
        2.522879449173584,
        0.0
      ],
      "complex_sugars": [
        0.0,
        0.0,
        1.4184409205822566,
        0.9238684564966728,
        1.5418653818608283,
        0.17301513665889345,
        1.7726127095645003,
        0.0
      ],
      "fats": [
        0.0,
        0.0,
        2.5439159255410795,
        0.1939547485566282,
        2.864972545075196,
        0.06391336721133219,
        12.889549973260706,
        0.0
      ],
      "dietary_fibers": [
        0.0,
        0.0,
        1.2459024783810924,
        0.16726892649927538,
        4.633885547866199,
        0.9826379445795191,
        7.381030534101423,
        0.0
      ],
      "proteins": [
        0.0,
        0.0,
        1.201112551522027,
        0.2214270177705573,
        1.3412013130953946,
        0.9220283225798273,
        3.9110178215494926,
        0.0
      ],
      "insulin": [
        0.0,
        0.0,
        0.23873198902033957,
        0.6105532415405261,
        0.6333116422967442,
        0.8750014404783527,
        2.992157774871602,
        0.0
      ]
    },
    "weights": {
      "simple_sugars": 0.7347102045317089,
      "complex_sugars": 0.7931057093233665,
      "fats": 0.5842746264435209,
      "dietary_fibers": -0.4492005718271072,
      "proteins": -0.255336093737924,
      "insulin": 0.6744897402060316
    }
  },
  "006": {
    "bezier_points": {
      "simple_sugars": [
        0.0,
        0.0,
        0.11737100217290797,
        0.5158205297374152,
        0.2338781931997049,
        0.10311665708414858,
        1.0804133703750083,
        0.0
      ],
      "complex_sugars": [
        0.0,
        0.0,
        0.9254223777266145,
        0.29022226650863425,
        2.8941561722472358,
        0.40895896075587723,
        3.9736482975612675,
        0.0
      ],
      "fats": [
        0.0,
        0.0,
        1.5599162758058984,
        0.7038889398416825,
        5.348850621925062,
        0.08218905536896776,
        7.831794895087953,
        0.0
      ],
      "dietary_fibers": [
        0.0,
        0.0,
        2.8409276089389444,
        0.9652671258422804,
        5.845785987428213,
        0.4934216848304561,
        9.303515909980225,
        0.0
      ],
      "proteins": [
        0.0,
        0.0,
        2.050555807956721,
        0.7116708627260436,
        2.2123266616816437,
        0.7090434384198456,
        6.551304976980006,
        0.0
      ],
      "insulin": [
        0.0,
        0.0,
        0.32507183369513526,
        0.7632093655061596,
        0.972659354415097,
        0.07031747177032244,
        3.5147570924703357,
        0.0
      ]
    },
    "weights": {
      "simple_sugars": 0.051842712184303835,
      "complex_sugars": -0.5196740870403825,
      "fats": 0.956541641910867,
      "dietary_fibers": -0.4350095622468932,
      "proteins": -0.34115055895598295,
      "insulin": -0.7066097191133854
    }
  },
  "007": {
    "bezier_points": {
      "simple_sugars": [
        0.0,
        0.0,
        0.41866503806984395,
        0.9152415170437265,
        1.0107508800271272,
        0.6937864055268159,
        2.1985014731293187,
        0.0
      ],
      "complex_sugars": [
        0.0,
        0.0,
        0.5768911316658001,
        0.2639218424601408,
        2.2684984139045334,
        0.31136713503512997,
        6.320356684048202,
        0.0
      ],
      "fats": [
        0.0,
        0.0,
        1.6055090528773748,
        0.7990887751050344,
        5.8958639416185985,
        0.46870269052925106,
        13.862232689775965,
        0.0
      ],
      "dietary_fibers": [
        0.0,
        0.0,
        1.1458723367835009,
        0.7056540570196879,
        1.6979432805093087,
        0.40563308713574847,
        14.697496242199986,
        0.0
      ],
      "proteins": [
        0.0,
        0.0,
        1.403326266504446,
        0.4323723506310582,
        3.215174348984575,
        0.15633634431134216,
        8.068653171722914,
        0.0
      ],
      "insulin": [
        0.0,
        0.0,
        0.18068902828024336,
        0.9444098780374294,
        0.5119805612755495,
        0.05288260391209404,
        0.7026529706559556,
        0.0
      ]
    },
    "weights": {
      "simple_sugars": -0.2990040115451187,
      "complex_sugars": 0.585392676711259,
      "fats": 0.6729262104811496,
      "dietary_fibers": -0.9048871897235895,
      "proteins": -0.5834051350699886,
      "insulin": -0.08315217823184182
    }
  },