Approach,D1namo_RMSE,D1namo_Std,AZT1D_RMSE,AZT1D_Std
Generic,46.31558365229534,35.83312479747626,29.823858695581354,19.7123978352667
Individual + no monotonic constraints,45.931501994768915,34.88407489537335,29.40627316453862,19.922666916128836
Individual + monotonic constraints,46.14315849528826,34.783127759494896,30.678060986845434,20.769632183199505
