{
  "carbohydrates": [
    0.0,
    0.0,
    6.947733506244773,
    0.9220857900278,
    1.6367483333227522,
    0.6753605554363852,
    7.521728662630152,
    0
  ],
  "insulin": [
    0.0,
    0.0,
    3.3778945116033836,
    0.959256171249913,
    2.2531553457867224,
    0.5434816559339481,
    3.708484384174275,
    0
  ]
}