{
  "simple_sugars": [
    0.0,
    0.0,
    3.4563289591647477,
    0.4621195815475232,
    1.7760054793658826,
    0.11709678004380697,
    1.9336346535648006,
    0
  ],
  "complex_sugars": [
    0.0,
    0.0,
    2.0889397450409852,
    0.4413781910080721,
    1.3304030165704144,
    0.4852648231600438,
    7.299565093564569,
    0
  ],
  "proteins": [
    0.0,
    0.0,
    6.908115544745495,
    0.7178778325102705,
    7.815983937341164,
    0.8070915141401485,
    6.407890151652535,
    0
  ],
  "fats": [
    0.0,
    0.0,
    0.6034737391269664,
    0.6835632365042787,
    5.376422641646805,
    0.23505948201579283,
    2.4950153003223923,
    0
  ],
  "dietary_fibers": [
    0.0,
    0.0,
    5.351938964027989,
    0.025984105667899025,
    2.0695353444271563,
    0.25125059416185946,
    4.76064511217843,
    0
  ],
  "insulin": [
    0.0,
    0.0,
    3.3044964948346274,
    0.1489679477266981,
    1.4877326968811424,
    0.878512038802477,
    1.6663114552672262,
    0
  ]
}