patient,peak_hour,peak_change,lowest_hour,lowest_change,range
001,19,2.5401370936090752,13,-7.470250229997413,10.010387323606489
002,20,7.050145939435919,13,-9.357109887891895,16.407255827327813
004,18,13.14884573529151,13,-6.5195296305719594,19.66837536586347
006,21,4.626608716314138,14,-4.148438216529119,8.775046932843257
007,20,7.357059574401859,10,-6.840858632028491,14.19791820643035
008,20,7.890109038302387,3,-3.5101059719121546,11.400215010214541
