Patient,Avg Peak Time (h),Std Peak Time,Avg Effect Duration (h),Std Effect Duration,Avg Peak Intensity,Std Peak Intensity,Avg AUC,Total AUC
007,1.7632890746496006,1.207161131957448,3.3518711488584167,2.966712204854411,0.44599042463780636,0.14817068148552207,1.2767177478634855,7.660306487180913
002,1.8668148392556125,0.9229070196222072,3.54432374918942,1.9478569896707223,0.4189695884308262,0.10782697897821955,1.408966888525604,8.453801331153624
004,2.0373637661863584,0.964740309951271,4.704113006242417,4.212286545064237,0.330134363543319,0.16301240987496637,1.1521549444302448,6.912929666581469
001,2.3777418886075847,1.4498805896361093,4.7985565222512845,3.205278997637562,0.3520637514767799,0.13549699402869586,1.384237953599704,8.305427721598225
008,2.4910048935865694,1.9728198272008652,2.9436642579331185,1.887007203855378,0.399162577012846,0.14431936623224578,1.7238362237129705,10.343017342277824
006,2.524700474017973,1.32714884040774,3.2223621384564693,1.165382728222736,0.41150254412514914,0.11009666730561977,1.6570643131000633,9.94238587860038
