Patient,Avg Peak Time (h),Std Peak Time,Avg Effect Duration (h),Std Effect Duration,Avg Peak Intensity,Std Peak Intensity,Avg AUC,Total AUC
002,2.0123476712108816,1.1913770419198066,2.976853979309803,2.2832996846464204,0.17678343282577982,0.06517949025999255,0.7081417114392338,4.248850268635403
007,2.097966448013663,1.037493109348028,2.314044204498469,0.9669712062369584,0.2665824603204759,0.11951853933647809,0.7216842749714402,4.330105649828641
006,2.4507943442589197,1.9420119240924554,3.760008910473094,3.630246869346192,0.2049527509721619,0.11171724507143177,0.9702640811776589,5.821584487065953
001,2.490471028274613,1.3415221906748125,3.872632837182504,1.8482069064962927,0.315280266769502,0.12058763647172958,1.443603332208366,8.661619993250195
004,2.5771846763498973,1.7915415061198423,3.4666385685206507,3.047135581005361,0.3114890295947346,0.07060170059310611,1.2346780962415005,7.408068577449003
008,2.697487522976218,1.759261626380974,3.7389439468614114,3.247233308024199,0.30723889137188826,0.1231049066503187,1.3457952927817394,8.074771756690437
